<?xml version="1.0" encoding="us-ascii"?>
<XML ID="EQInterfaceDefinitionLanguage">
	<Schema xmlns="EverQuestData" xmlns:dt="EverQuestDataTypes"/>

	<Button item="BW_Buff0_Button">
		<ScreenID>Buff0</ScreenID>
		<RelativePosition>true</RelativePosition>
		<Size>
			<CX>180</CX>
			<CY>16</CY>
		</Size>
		<ButtonDrawTemplate>
			<Normal>BlueIconBackground</Normal>
			<NormalDecal>BuffIcons</NormalDecal>
		</ButtonDrawTemplate>
		<DecalOffset>
			<X>0</X>
			<Y>0</Y>
		</DecalOffset>
		<DecalSize>
			<CX>15</CX>
			<CY>15</CY>
		</DecalSize>
	</Button>
	<Label item="BW_Buff0">
		<ScreenID>Buff0Label</ScreenID>
		<EQType>500</EQType>
		<Font>2</Font>
		<RelativePosition>true</RelativePosition>
		<Size>
			<CX>144</CX>
			<CY>14</CY>
		</Size>
		
		<Text></Text>
		<TextColor>
			<R>255</R>
			<G>255</G>
			<B>255</B>
		</TextColor>
		<NoWrap>true</NoWrap>
		<AlignCenter>false</AlignCenter>
		<AlignRight>false</AlignRight>
	</Label>
	<Label item="BW_Buff0Number">
		<ScreenID>Buff0No</ScreenID>
		<Font>2</Font>
		<RelativePosition>true</RelativePosition>
		<Size>
			<CX>0</CX>
			<CY>0</CY>
		</Size>
		<Text></Text>
		<TextColor>
			<R>0</R>
			<G>255</G>
			<B>255</B>
		</TextColor>
		<NoWrap>true</NoWrap>
		<AlignLeft>false</AlignLeft>
	</Label>

	<Button item="BW_Buff1_Button">
		<ScreenID>Buff1</ScreenID>
		<RelativePosition>true</RelativePosition>
		<ButtonDrawTemplate>
			<Normal>BlueIconBackground</Normal>
			<NormalDecal>BuffIcons</NormalDecal>
		</ButtonDrawTemplate>
		<DecalOffset>
			<X>0</X>
			<Y>0</Y>
		</DecalOffset>
		<DecalSize>
			<CX>15</CX>
			<CY>15</CY>
		</DecalSize>
	</Button>
	<Label item="BW_Buff1">
		<ScreenID>Buff1Label</ScreenID>
		<EQType>501</EQType>
		<Font>2</Font>
		<RelativePosition>true</RelativePosition>
		<Text></Text>
		<TextColor>
			<R>255</R>
			<G>255</G>
			<B>255</B>
		</TextColor>
		<NoWrap>true</NoWrap>
	</Label>
	<Label item="BW_Buff1Number">
		<ScreenID>Buff1No</ScreenID>
		<Font>2</Font>
		<RelativePosition>true</RelativePosition>
		<Text></Text>
		<TextColor>
			<R>0</R>
			<G>255</G>
			<B>255</B>
		</TextColor>
		<NoWrap>true</NoWrap>
	</Label>

	<Button item="BW_Buff2_Button">
		<ScreenID>Buff2</ScreenID>
		<RelativePosition>true</RelativePosition>
		<ButtonDrawTemplate>
			<Normal>BlueIconBackground</Normal>
			<NormalDecal>BuffIcons</NormalDecal>
		</ButtonDrawTemplate>
		<DecalOffset>
			<X>0</X>
			<Y>0</Y>
		</DecalOffset>
		<DecalSize>
			<CX>15</CX>
			<CY>15</CY>
		</DecalSize>
	</Button>
	<Label item="BW_Buff2">
		<ScreenID>Buff2Label</ScreenID>
		<EQType>502</EQType>
		<Font>2</Font>
		<RelativePosition>true</RelativePosition>
		<Text></Text>
		<TextColor>
			<R>255</R>
			<G>255</G>
			<B>255</B>
		</TextColor>
		<NoWrap>true</NoWrap>
	</Label>
	<Label item="BW_Buff2Number">
		<ScreenID>Buff2No</ScreenID>
		<Font>2</Font>
		<RelativePosition>true</RelativePosition>
		<Text></Text>
		<TextColor>
			<R>0</R>
			<G>255</G>
			<B>255</B>
		</TextColor>
		<NoWrap>true</NoWrap>
	</Label>

	<Button item="BW_Buff3_Button">
		<ScreenID>Buff3</ScreenID>
		<RelativePosition>true</RelativePosition>
		<ButtonDrawTemplate>
			<Normal>BlueIconBackground</Normal>
			<NormalDecal>BuffIcons</NormalDecal>
		</ButtonDrawTemplate>
		<DecalOffset>
			<X>0</X>
			<Y>0</Y>
		</DecalOffset>
		<DecalSize>
			<CX>15</CX>
			<CY>15</CY>
		</DecalSize>
	</Button>
	<Label item="BW_Buff3">
		<ScreenID>Buff3Label</ScreenID>
		<EQType>503</EQType>
		<Font>2</Font>
		<RelativePosition>true</RelativePosition>
		<Text></Text>
		<TextColor>
			<R>255</R>
			<G>255</G>
			<B>255</B>
		</TextColor>
		<NoWrap>true</NoWrap>
	</Label>
	<Label item="BW_Buff3Number">
		<ScreenID>Buff3No</ScreenID>
		<Font>2</Font>
		<RelativePosition>true</RelativePosition>
		<Text></Text>
		<TextColor>
			<R>0</R>
			<G>255</G>
			<B>255</B>
		</TextColor>
		<NoWrap>true</NoWrap>
	</Label>

	<Button item="BW_Buff4_Button">
		<ScreenID>Buff4</ScreenID>
		<RelativePosition>true</RelativePosition>
		<ButtonDrawTemplate>
			<Normal>BlueIconBackground</Normal>
			<NormalDecal>BuffIcons</NormalDecal>
		</ButtonDrawTemplate>
		<DecalOffset>
			<X>0</X>
			<Y>0</Y>
		</DecalOffset>
		<DecalSize>
			<CX>15</CX>
			<CY>15</CY>
		</DecalSize>
	</Button>
	<Label item="BW_Buff4">
		<ScreenID>Buff4Label</ScreenID>
		<EQType>504</EQType>
		<Font>2</Font>
		<RelativePosition>true</RelativePosition>
		<Text></Text>
		<TextColor>
			<R>255</R>
			<G>255</G>
			<B>255</B>
		</TextColor>
		<NoWrap>true</NoWrap>
	</Label>
	<Label item="BW_Buff4Number">
		<ScreenID>Buff4No</ScreenID>
		<Font>2</Font>
		<RelativePosition>true</RelativePosition>
		<Text></Text>
		<TextColor>
			<R>0</R>
			<G>255</G>
			<B>255</B>
		</TextColor>
		<NoWrap>true</NoWrap>
	</Label>

	<Button item="BW_Buff5_Button">
		<ScreenID>Buff5</ScreenID>
		<RelativePosition>true</RelativePosition>
		<ButtonDrawTemplate>
			<Normal>BlueIconBackground</Normal>
			<NormalDecal>BuffIcons</NormalDecal>
		</ButtonDrawTemplate>
		<DecalOffset>
			<X>0</X>
			<Y>0</Y>
		</DecalOffset>
		<DecalSize>
			<CX>15</CX>
			<CY>15</CY>
		</DecalSize>
	</Button>
	<Label item="BW_Buff5">
		<ScreenID>Buff5Label</ScreenID>
		<EQType>505</EQType>
		<Font>2</Font>
		<RelativePosition>true</RelativePosition>
		<Text></Text>
		<TextColor>
			<R>255</R>
			<G>255</G>
			<B>255</B>
		</TextColor>
		<NoWrap>true</NoWrap>
	</Label>
	<Label item="BW_Buff5Number">
		<ScreenID>Buff5No</ScreenID>
		<Font>2</Font>
		<RelativePosition>true</RelativePosition>
		<Text></Text>
		<TextColor>
			<R>0</R>
			<G>255</G>
			<B>255</B>
		</TextColor>
		<NoWrap>true</NoWrap>
	</Label>

	<Button item="BW_Buff6_Button">
		<ScreenID>Buff6</ScreenID>
		<RelativePosition>true</RelativePosition>
		<ButtonDrawTemplate>
			<Normal>BlueIconBackground</Normal>
			<NormalDecal>BuffIcons</NormalDecal>
		</ButtonDrawTemplate>
		<DecalOffset>
			<X>0</X>
			<Y>0</Y>
		</DecalOffset>
		<DecalSize>
			<CX>15</CX>
			<CY>15</CY>
		</DecalSize>
	</Button>
	<Label item="BW_Buff6">
		<ScreenID>Buff6Label</ScreenID>
		<EQType>506</EQType>
		<Font>2</Font>
		<RelativePosition>true</RelativePosition>
		<Text></Text>
		<TextColor>
			<R>255</R>
			<G>255</G>
			<B>255</B>
		</TextColor>
		<NoWrap>true</NoWrap>
	</Label>
	<Label item="BW_Buff6Number">
		<ScreenID>Buff6No</ScreenID>
		<Font>2</Font>
		<RelativePosition>true</RelativePosition>
		<Text></Text>
		<TextColor>
			<R>0</R>
			<G>255</G>
			<B>255</B>
		</TextColor>
		<NoWrap>true</NoWrap>
	</Label>

	<Button item="BW_Buff7_Button">
		<ScreenID>Buff7</ScreenID>
		<RelativePosition>true</RelativePosition>
		<ButtonDrawTemplate>
			<Normal>BlueIconBackground</Normal>
			<NormalDecal>BuffIcons</NormalDecal>
		</ButtonDrawTemplate>
		<DecalOffset>
			<X>0</X>
			<Y>0</Y>
		</DecalOffset>
		<DecalSize>
			<CX>15</CX>
			<CY>15</CY>
		</DecalSize>
	</Button>
	<Label item="BW_Buff7">
		<ScreenID>Buff7Label</ScreenID>
		<EQType>507</EQType>
		<Font>2</Font>
		<RelativePosition>true</RelativePosition>
		<Text></Text>
		<TextColor>
			<R>255</R>
			<G>255</G>
			<B>255</B>
		</TextColor>
		<NoWrap>true</NoWrap>
	</Label>
	<Label item="BW_Buff7Number">
		<ScreenID>Buff7No</ScreenID>
		<Font>2</Font>
		<RelativePosition>true</RelativePosition>
		<Style_Tooltip>false</Style_Tooltip>
		<Text></Text>
		<TextColor>
			<R>0</R>
			<G>255</G>
			<B>255</B>
		</TextColor>
		<NoWrap>true</NoWrap>
	</Label>

	<Button item="BW_Buff8_Button">
		<ScreenID>Buff8</ScreenID>
		<RelativePosition>true</RelativePosition>
		<ButtonDrawTemplate>
			<Normal>BlueIconBackground</Normal>
			<NormalDecal>BuffIcons</NormalDecal>
		</ButtonDrawTemplate>
		<DecalOffset>
			<X>0</X>
			<Y>0</Y>
		</DecalOffset>
		<DecalSize>
			<CX>15</CX>
			<CY>15</CY>
		</DecalSize>
	</Button>
	<Label item="BW_Buff8">
		<ScreenID>Buff8Label</ScreenID>
		<EQType>508</EQType>
		<Font>2</Font>
		<RelativePosition>true</RelativePosition>
		<Text></Text>
		<TextColor>
			<R>255</R>
			<G>255</G>
			<B>255</B>
		</TextColor>
		<NoWrap>true</NoWrap>
	</Label>
	<Label item="BW_Buff8Number">
		<ScreenID>Buff8No</ScreenID>
		<Font>2</Font>
		<RelativePosition>true</RelativePosition>
		<Text></Text>
		<TextColor>
			<R>0</R>
			<G>255</G>
			<B>255</B>
		</TextColor>
		<NoWrap>true</NoWrap>
	</Label>

	<Button item="BW_Buff9_Button">
		<ScreenID>Buff9</ScreenID>
		<RelativePosition>true</RelativePosition>
		<ButtonDrawTemplate>
			<Normal>BlueIconBackground</Normal>
			<NormalDecal>BuffIcons</NormalDecal>
		</ButtonDrawTemplate>
		<DecalOffset>
			<X>0</X>
			<Y>0</Y>
		</DecalOffset>
		<DecalSize>
			<CX>15</CX>
			<CY>15</CY>
		</DecalSize>
	</Button>
	<Label item="BW_Buff9">
		<ScreenID>Buff9Label</ScreenID>
		<EQType>509</EQType>
		<Font>2</Font>
		<RelativePosition>true</RelativePosition>
		<Text></Text>
		<TextColor>
			<R>255</R>
			<G>255</G>
			<B>255</B>
		</TextColor>
		<NoWrap>true</NoWrap>
	</Label>
	<Label item="BW_Buff9Number">
		<ScreenID>Buff9No</ScreenID>
		<Font>2</Font>
		<RelativePosition>true</RelativePosition>
		<Text></Text>
		<TextColor>
			<R>0</R>
			<G>255</G>
			<B>255</B>
		</TextColor>
		<NoWrap>true</NoWrap>
	</Label>

	<Button item="BW_Buff10_Button">
		<ScreenID>Buff10</ScreenID>
		<RelativePosition>true</RelativePosition>
		<ButtonDrawTemplate>
			<Normal>BlueIconBackground</Normal>
			<NormalDecal>BuffIcons</NormalDecal>
		</ButtonDrawTemplate>
		<DecalOffset>
			<X>0</X>
			<Y>0</Y>
		</DecalOffset>
		<DecalSize>
			<CX>15</CX>
			<CY>15</CY>
		</DecalSize>
	</Button>
	<Label item="BW_Buff10">
		<ScreenID>Buff10Label</ScreenID>
		<EQType>510</EQType>
		<Font>2</Font>
		<RelativePosition>true</RelativePosition>
		<Text></Text>
		<TextColor>
			<R>255</R>
			<G>255</G>
			<B>255</B>
		</TextColor>
		<NoWrap>true</NoWrap>
	</Label>
	<Label item="BW_Buff10Number">
		<ScreenID>Buff10No</ScreenID>
		<Font>2</Font>
		<RelativePosition>true</RelativePosition>
		<Text></Text>
		<TextColor>
			<R>0</R>
			<G>255</G>
			<B>255</B>
		</TextColor>
		<NoWrap>true</NoWrap>
	</Label>

	<Button item="BW_Buff11_Button">
		<ScreenID>Buff11</ScreenID>
		<RelativePosition>true</RelativePosition>
		<ButtonDrawTemplate>
			<Normal>BlueIconBackground</Normal>
			<NormalDecal>BuffIcons</NormalDecal>
		</ButtonDrawTemplate>
		<DecalOffset>
			<X>0</X>
			<Y>0</Y>
		</DecalOffset>
		<DecalSize>
			<CX>15</CX>
			<CY>15</CY>
		</DecalSize>
	</Button>
	<Label item="BW_Buff11">
		<ScreenID>Buff11Label</ScreenID>
		<EQType>511</EQType>
		<Font>2</Font>
		<RelativePosition>true</RelativePosition>
		<Text></Text>
		<TextColor>
			<R>255</R>
			<G>255</G>
			<B>255</B>
		</TextColor>
		<NoWrap>true</NoWrap>
	</Label>
	<Label item="BW_Buff11Number">
		<ScreenID>Buff11No</ScreenID>
		<Font>2</Font>
		<RelativePosition>true</RelativePosition>
		<Text></Text>
		<TextColor>
			<R>0</R>
			<G>255</G>
			<B>255</B>
		</TextColor>
		<NoWrap>true</NoWrap>
	</Label>

	<Button item="BW_Buff12_Button">
		<ScreenID>Buff12</ScreenID>
		<RelativePosition>true</RelativePosition>
		<ButtonDrawTemplate>
			<Normal>BlueIconBackground</Normal>
			<NormalDecal>BuffIcons</NormalDecal>
		</ButtonDrawTemplate>
		<DecalOffset>
			<X>0</X>
			<Y>0</Y>
		</DecalOffset>
		<DecalSize>
			<CX>15</CX>
			<CY>15</CY>
		</DecalSize>
	</Button>
	<Label item="BW_Buff12">
		<ScreenID>Buff12Label</ScreenID>
		<EQType>512</EQType>
		<Font>2</Font>
		<RelativePosition>true</RelativePosition>
		<Text></Text>
		<TextColor>
			<R>255</R>
			<G>255</G>
			<B>255</B>
		</TextColor>
		<NoWrap>true</NoWrap>
	</Label>
	<Label item="BW_Buff12Number">
		<ScreenID>Buff12No</ScreenID>
		<Font>2</Font>
		<RelativePosition>true</RelativePosition>
		<Text></Text>
		<TextColor>
			<R>0</R>
			<G>255</G>
			<B>255</B>
		</TextColor>
		<NoWrap>true</NoWrap>
	</Label>

	<Button item="BW_Buff13_Button">
		<ScreenID>Buff13</ScreenID>
		<RelativePosition>true</RelativePosition>
		<ButtonDrawTemplate>
			<Normal>BlueIconBackground</Normal>
			<NormalDecal>BuffIcons</NormalDecal>
		</ButtonDrawTemplate>
		<DecalOffset>
			<X>0</X>
			<Y>0</Y>
		</DecalOffset>
		<DecalSize>
			<CX>15</CX>
			<CY>15</CY>
		</DecalSize>
	</Button>
	<Label item="BW_Buff13">
		<ScreenID>Buff13Label</ScreenID>
		<EQType>513</EQType>
		<Font>2</Font>
		<RelativePosition>true</RelativePosition>
		<Text></Text>
		<TextColor>
			<R>255</R>
			<G>255</G>
			<B>255</B>
		</TextColor>
		<NoWrap>true</NoWrap>
	</Label>
	<Label item="BW_Buff13Number">
		<ScreenID>Buff13No</ScreenID>
		<Font>2</Font>
		<RelativePosition>true</RelativePosition>
		<Text></Text>
		<TextColor>
			<R>0</R>
			<G>255</G>
			<B>255</B>
		</TextColor>
		<NoWrap>true</NoWrap>
	</Label>

	<Button item="BW_Buff14_Button">
		<ScreenID>Buff14</ScreenID>
		<RelativePosition>true</RelativePosition>
		<ButtonDrawTemplate>
			<Normal>BlueIconBackground</Normal>
			<NormalDecal>BuffIcons</NormalDecal>
		</ButtonDrawTemplate>
		<DecalOffset>
			<X>0</X>
			<Y>0</Y>
		</DecalOffset>
		<DecalSize>
			<CX>15</CX>
			<CY>15</CY>
		</DecalSize>
	</Button>
	<Label item="BW_Buff14">
		<ScreenID>Buff14Label</ScreenID>
		<EQType>514</EQType>
		<Font>2</Font>
		<RelativePosition>true</RelativePosition>
		<Text></Text>
		<TextColor>
			<R>255</R>
			<G>255</G>
			<B>255</B>
		</TextColor>
		<NoWrap>true</NoWrap>
	</Label>
	<Label item="BW_Buff14Number">
		<ScreenID>Buff14No</ScreenID>
		<Font>2</Font>
		<RelativePosition>true</RelativePosition>
		<Text></Text>
		<TextColor>
			<R>0</R>
			<G>255</G>
			<B>255</B>
		</TextColor>
		<NoWrap>true</NoWrap>
	</Label>

	<Button item="BW_Buff15_Button">
		<ScreenID>Buff15</ScreenID>
		<RelativePosition>true</RelativePosition>
		<ButtonDrawTemplate>
			<Normal>BlueIconBackground</Normal>
			<NormalDecal>BuffIcons</NormalDecal>
		</ButtonDrawTemplate>
		<DecalOffset>
			<X>0</X>
			<Y>0</Y>
		</DecalOffset>
		<DecalSize>
			<CX>15</CX>
			<CY>15</CY>
		</DecalSize>
	</Button>
	<Label item="BW_Buff15">
		<ScreenID>Buff15Label</ScreenID>
		<EQType>515</EQType>
		<Font>2</Font>
		<RelativePosition>true</RelativePosition>
		<Text></Text>
		<TextColor>
			<R>255</R>
			<G>255</G>
			<B>255</B>
		</TextColor>
		<NoWrap>true</NoWrap>
	</Label>
	<Label item="BW_Buff15Number">
		<ScreenID>Buff15No</ScreenID>
		<Font>2</Font>
		<RelativePosition>true</RelativePosition>
		<Text></Text>
		<TextColor>
			<R>0</R>
			<G>255</G>
			<B>255</B>
		</TextColor>
		<NoWrap>true</NoWrap>
	</Label>

	<Button item="BW_Buff16_Button">
		<ScreenID>Buff16</ScreenID>
		<RelativePosition>true</RelativePosition>
		<ButtonDrawTemplate>
			<Normal>BlueIconBackground</Normal>
			<NormalDecal>BuffIcons</NormalDecal>
		</ButtonDrawTemplate>
		<DecalOffset>
			<X>0</X>
			<Y>0</Y>
		</DecalOffset>
		<DecalSize>
			<CX>15</CX>
			<CY>15</CY>
		</DecalSize>
	</Button>
	<Label item="BW_Buff16">
		<ScreenID>Buff16Label</ScreenID>
		<EQType>516</EQType>
		<Font>2</Font>
		<RelativePosition>true</RelativePosition>
		<Text></Text>
		<TextColor>
			<R>255</R>
			<G>255</G>
			<B>255</B>
		</TextColor>
		<NoWrap>true</NoWrap>
	</Label>
	<Label item="BW_Buff16Number">
		<ScreenID>Buff16No</ScreenID>
		<Font>2</Font>
		<RelativePosition>true</RelativePosition>
		<Text></Text>
		<TextColor>
			<R>0</R>
			<G>255</G>
			<B>255</B>
		</TextColor>
		<NoWrap>true</NoWrap>
	</Label>

	<Button item="BW_Buff17_Button">
		<ScreenID>Buff17</ScreenID>
		<RelativePosition>true</RelativePosition>
		<ButtonDrawTemplate>
			<Normal>BlueIconBackground</Normal>
			<NormalDecal>BuffIcons</NormalDecal>
		</ButtonDrawTemplate>
		<DecalOffset>
			<X>0</X>
			<Y>0</Y>
		</DecalOffset>
		<DecalSize>
			<CX>15</CX>
			<CY>15</CY>
		</DecalSize>
	</Button>
	<Label item="BW_Buff17">
		<ScreenID>Buff17Label</ScreenID>
		<EQType>517</EQType>
		<Font>2</Font>
		<RelativePosition>true</RelativePosition>
		<Text></Text>
		<TextColor>
			<R>255</R>
			<G>255</G>
			<B>255</B>
		</TextColor>
		<NoWrap>true</NoWrap>
	</Label>
	<Label item="BW_Buff17Number">
		<ScreenID>Buff17No</ScreenID>
		<Font>2</Font>
		<RelativePosition>true</RelativePosition>
		<Text></Text>
		<TextColor>
			<R>0</R>
			<G>255</G>
			<B>255</B>
		</TextColor>
		<NoWrap>true</NoWrap>
	</Label>

	<Button item="BW_Buff18_Button">
		<ScreenID>Buff18</ScreenID>
		<RelativePosition>true</RelativePosition>
		<ButtonDrawTemplate>
			<Normal>BlueIconBackground</Normal>
			<NormalDecal>BuffIcons</NormalDecal>
		</ButtonDrawTemplate>
		<DecalOffset>
			<X>0</X>
			<Y>0</Y>
		</DecalOffset>
		<DecalSize>
			<CX>15</CX>
			<CY>15</CY>
		</DecalSize>
	</Button>
	<Label item="BW_Buff18">
		<ScreenID>Buff18Label</ScreenID>
		<EQType>518</EQType>
		<Font>2</Font>
		<RelativePosition>true</RelativePosition>
		<Text></Text>
		<TextColor>
			<R>255</R>
			<G>255</G>
			<B>255</B>
		</TextColor>
		<NoWrap>true</NoWrap>
	</Label>
	<Label item="BW_Buff18Number">
		<ScreenID>Buff18No</ScreenID>
		<Font>2</Font>
		<RelativePosition>true</RelativePosition>
		<Text></Text>
		<TextColor>
			<R>0</R>
			<G>255</G>
			<B>255</B>
		</TextColor>
		<NoWrap>true</NoWrap>
	</Label>

	<Button item="BW_Buff19_Button">
		<ScreenID>Buff19</ScreenID>
		<RelativePosition>true</RelativePosition>
		<ButtonDrawTemplate>
			<Normal>BlueIconBackground</Normal>
			<NormalDecal>BuffIcons</NormalDecal>
		</ButtonDrawTemplate>
		<DecalOffset>
			<X>0</X>
			<Y>0</Y>
		</DecalOffset>
		<DecalSize>
			<CX>15</CX>
			<CY>15</CY>
		</DecalSize>
	</Button>
	<Label item="BW_Buff19">
		<ScreenID>Buff19Label</ScreenID>
		<EQType>519</EQType>
		<Font>2</Font>
		<RelativePosition>true</RelativePosition>
		<Text></Text>
		<TextColor>
			<R>255</R>
			<G>255</G>
			<B>255</B>
		</TextColor>
		<NoWrap>true</NoWrap>
	</Label>
	<Label item="BW_Buff19Number">
		<ScreenID>Buff19No</ScreenID>
		<Font>2</Font>
		<RelativePosition>true</RelativePosition>
		<Text></Text>
		<TextColor>
			<R>0</R>
			<G>255</G>
			<B>255</B>
		</TextColor>
		<NoWrap>true</NoWrap>
	</Label>

	<Button item="BW_Buff20_Button">
		<ScreenID>Buff20</ScreenID>
		<RelativePosition>true</RelativePosition>
		<ButtonDrawTemplate>
			<Normal>BlueIconBackground</Normal>
			<NormalDecal>BuffIcons</NormalDecal>
		</ButtonDrawTemplate>
		<DecalOffset>
			<X>0</X>
			<Y>0</Y>
		</DecalOffset>
		<DecalSize>
			<CX>15</CX>
			<CY>15</CY>
		</DecalSize>
	</Button>
	<Label item="BW_Buff20">
		<ScreenID>Buff20Label</ScreenID>
		<EQType>520</EQType>
		<Font>2</Font>
		<RelativePosition>true</RelativePosition>
		<Text></Text>
		<TextColor>
			<R>255</R>
			<G>255</G>
			<B>255</B>
		</TextColor>
		<NoWrap>true</NoWrap>
	</Label>
	<Label item="BW_Buff20Number">
		<ScreenID>Buff20No</ScreenID>
		<Font>2</Font>
		<RelativePosition>true</RelativePosition>
		<Text></Text>
		<TextColor>
			<R>0</R>
			<G>255</G>
			<B>255</B>
		</TextColor>
		<NoWrap>true</NoWrap>
	</Label>

	<Button item="BW_Buff21_Button">
		<ScreenID>Buff21</ScreenID>
		<RelativePosition>true</RelativePosition>
		<ButtonDrawTemplate>
			<Normal>BlueIconBackground</Normal>
			<NormalDecal>BuffIcons</NormalDecal>
		</ButtonDrawTemplate>
		<DecalOffset>
			<X>0</X>
			<Y>0</Y>
		</DecalOffset>
		<DecalSize>
			<CX>15</CX>
			<CY>15</CY>
		</DecalSize>
	</Button>
	<Label item="BW_Buff21">
		<ScreenID>Buff21Label</ScreenID>
		<EQType>521</EQType>
		<Font>2</Font>
		<RelativePosition>true</RelativePosition>
		<Text></Text>
		<TextColor>
			<R>255</R>
			<G>255</G>
			<B>255</B>
		</TextColor>
		<NoWrap>true</NoWrap>
	</Label>
	<Label item="BW_Buff21Number">
		<ScreenID>Buff21No</ScreenID>
		<Font>2</Font>
		<RelativePosition>true</RelativePosition>
		<Text></Text>
		<TextColor>
			<R>0</R>
			<G>255</G>
			<B>255</B>
		</TextColor>
		<NoWrap>true</NoWrap>
	</Label>

	<Button item="BW_Buff22_Button">
		<ScreenID>Buff22</ScreenID>
		<RelativePosition>true</RelativePosition>
		<ButtonDrawTemplate>
			<Normal>BlueIconBackground</Normal>
			<NormalDecal>BuffIcons</NormalDecal>
		</ButtonDrawTemplate>
		<DecalOffset>
			<X>0</X>
			<Y>0</Y>
		</DecalOffset>
		<DecalSize>
			<CX>15</CX>
			<CY>15</CY>
		</DecalSize>
	</Button>
	<Label item="BW_Buff22">
		<ScreenID>Buff22Label</ScreenID>
		<EQType>522</EQType>
		<Font>2</Font>
		<RelativePosition>true</RelativePosition>
		<Text></Text>
		<TextColor>
			<R>255</R>
			<G>255</G>
			<B>255</B>
		</TextColor>
		<NoWrap>true</NoWrap>
	</Label>
	<Label item="BW_Buff22Number">
		<ScreenID>Buff22No</ScreenID>
		<Font>2</Font>
		<RelativePosition>true</RelativePosition>
		<Text></Text>
		<TextColor>
			<R>0</R>
			<G>255</G>
			<B>255</B>
		</TextColor>
		<NoWrap>true</NoWrap>
	</Label>

	<Button item="BW_Buff23_Button">
		<ScreenID>Buff23</ScreenID>
		<RelativePosition>true</RelativePosition>
		<ButtonDrawTemplate>
			<Normal>BlueIconBackground</Normal>
			<NormalDecal>BuffIcons</NormalDecal>
		</ButtonDrawTemplate>
		<DecalOffset>
			<X>0</X>
			<Y>0</Y>
		</DecalOffset>
		<DecalSize>
			<CX>15</CX>
			<CY>15</CY>
		</DecalSize>
	</Button>
	<Label item="BW_Buff23">
		<ScreenID>Buff23Label</ScreenID>
		<EQType>523</EQType>
		<Font>2</Font>
		<RelativePosition>true</RelativePosition>
		<Text></Text>
		<TextColor>
			<R>255</R>
			<G>255</G>
			<B>255</B>
		</TextColor>
		<NoWrap>true</NoWrap>
	</Label>
	<Label item="BW_Buff23Number">
		<ScreenID>Buff23No</ScreenID>
		<Font>2</Font>
		<RelativePosition>true</RelativePosition>
		<Text></Text>
		<TextColor>
			<R>0</R>
			<G>255</G>
			<B>255</B>
		</TextColor>
		<NoWrap>true</NoWrap>
	</Label>

	<Button item="BW_Buff24_Button">
		<ScreenID>Buff24</ScreenID>
		<RelativePosition>true</RelativePosition>
		<ButtonDrawTemplate>
			<Normal>BlueIconBackground</Normal>
			<NormalDecal>BuffIcons</NormalDecal>
		</ButtonDrawTemplate>
		<DecalOffset>
			<X>0</X>
			<Y>0</Y>
		</DecalOffset>
		<DecalSize>
			<CX>15</CX>
			<CY>15</CY>
		</DecalSize>
	</Button>
	<Label item="BW_Buff24">
		<ScreenID>Buff24Label</ScreenID>
		<EQType>524</EQType>
		<Font>2</Font>
		<RelativePosition>true</RelativePosition>
		<Text></Text>
		<TextColor>
			<R>255</R>
			<G>255</G>
			<B>255</B>
		</TextColor>
		<NoWrap>true</NoWrap>
	</Label>
	<Label item="BW_Buff24Number">
		<ScreenID>Buff24No</ScreenID>
		<Font>2</Font>
		<RelativePosition>true</RelativePosition>
		<Text></Text>
		<TextColor>
			<R>0</R>
			<G>255</G>
			<B>255</B>
		</TextColor>
		<NoWrap>true</NoWrap>
	</Label>

	<Button item="BW_Buff25_Button">
		<ScreenID>Buff25</ScreenID>
		<RelativePosition>true</RelativePosition>
		<ButtonDrawTemplate>
			<Normal>BlueIconBackground</Normal>
			<NormalDecal>BuffIcons</NormalDecal>
		</ButtonDrawTemplate>
		<DecalOffset>
			<X>0</X>
			<Y>0</Y>
		</DecalOffset>
		<DecalSize>
			<CX>15</CX>
			<CY>15</CY>
		</DecalSize>
	</Button>
	<Label item="BW_Buff25">
		<ScreenID>Buff25Label</ScreenID>
		<EQType>525</EQType>
		<Font>2</Font>
		<RelativePosition>true</RelativePosition>
		<Text></Text>
		<TextColor>
			<R>255</R>
			<G>255</G>
			<B>255</B>
		</TextColor>
		<NoWrap>true</NoWrap>
	</Label>
	<Label item="BW_Buff25Number">
		<ScreenID>Buff25No</ScreenID>
		<Font>2</Font>
		<RelativePosition>true</RelativePosition>
		<Text></Text>
		<TextColor>
			<R>0</R>
			<G>255</G>
			<B>255</B>
		</TextColor>
		<NoWrap>true</NoWrap>
	</Label>
	
	<Button item="BW_Buff26_Button">
		<ScreenID>Buff26</ScreenID>
		<RelativePosition>true</RelativePosition>
		<ButtonDrawTemplate>
			<Normal>BlueIconBackground</Normal>
			<NormalDecal>BuffIcons</NormalDecal>
		</ButtonDrawTemplate>
		<DecalOffset>
			<X>0</X>
			<Y>0</Y>
		</DecalOffset>
		<DecalSize>
			<CX>15</CX>
			<CY>15</CY>
		</DecalSize>
	</Button>
	<Label item="BW_Buff26">
		<ScreenID>Buff26Label</ScreenID>
		<EQType>526</EQType>
		<Font>2</Font>
		<RelativePosition>true</RelativePosition>
		<Text></Text>
		<TextColor>
			<R>255</R>
			<G>255</G>
			<B>255</B>
		</TextColor>
		<NoWrap>true</NoWrap>
	</Label>
	<Label item="BW_Buff26Number">
		<ScreenID>Buff26No</ScreenID>
		<Font>2</Font>
		<RelativePosition>true</RelativePosition>
		<Text></Text>
		<TextColor>
			<R>0</R>
			<G>255</G>
			<B>255</B>
		</TextColor>
		<NoWrap>true</NoWrap>
	</Label>
	
	<Button item="BW_Buff27_Button">
		<ScreenID>Buff27</ScreenID>
		<RelativePosition>true</RelativePosition>
		<ButtonDrawTemplate>
			<Normal>BlueIconBackground</Normal>
			<NormalDecal>BuffIcons</NormalDecal>
		</ButtonDrawTemplate>
		<DecalOffset>
			<X>0</X>
			<Y>0</Y>
		</DecalOffset>
		<DecalSize>
			<CX>15</CX>
			<CY>15</CY>
		</DecalSize>
	</Button>
	<Label item="BW_Buff27">
		<ScreenID>Buff27Label</ScreenID>
		<EQType>527</EQType>
		<Font>2</Font>
		<RelativePosition>true</RelativePosition>
		<Text></Text>
		<TextColor>
			<R>255</R>
			<G>255</G>
			<B>255</B>
		</TextColor>
		<NoWrap>true</NoWrap>
	</Label>
	<Label item="BW_Buff27Number">
		<ScreenID>Buff27No</ScreenID>
		<Font>2</Font>
		<RelativePosition>true</RelativePosition>
		<Text></Text>
		<TextColor>
			<R>0</R>
			<G>255</G>
			<B>255</B>
		</TextColor>
		<NoWrap>true</NoWrap>
	</Label>
	
	<Button item="BW_Buff28_Button">
		<ScreenID>Buff28</ScreenID>
		<RelativePosition>true</RelativePosition>
		<ButtonDrawTemplate>
			<Normal>BlueIconBackground</Normal>
			<NormalDecal>BuffIcons</NormalDecal>
		</ButtonDrawTemplate>
		<DecalOffset>
			<X>0</X>
			<Y>0</Y>
		</DecalOffset>
		<DecalSize>
			<CX>15</CX>
			<CY>15</CY>
		</DecalSize>
	</Button>
	<Label item="BW_Buff28">
		<ScreenID>Buff28Label</ScreenID>
		<EQType>528</EQType>
		<Font>2</Font>
		<RelativePosition>true</RelativePosition>
		<Text></Text>
		<TextColor>
			<R>255</R>
			<G>255</G>
			<B>255</B>
		</TextColor>
		<NoWrap>true</NoWrap>
	</Label>
	<Label item="BW_Buff28Number">
		<ScreenID>Buff28No</ScreenID>
		<Font>2</Font>
		<RelativePosition>true</RelativePosition>
		<Text></Text>
		<TextColor>
			<R>0</R>
			<G>255</G>
			<B>255</B>
		</TextColor>
		<NoWrap>true</NoWrap>
	</Label>
	
	<Button item="BW_Buff29_Button">
		<ScreenID>Buff29</ScreenID>
		<RelativePosition>true</RelativePosition>
		<ButtonDrawTemplate>
			<Normal>BlueIconBackground</Normal>
			<NormalDecal>BuffIcons</NormalDecal>
		</ButtonDrawTemplate>
		<DecalOffset>
			<X>0</X>
			<Y>0</Y>
		</DecalOffset>
		<DecalSize>
			<CX>15</CX>
			<CY>15</CY>
		</DecalSize>
	</Button>
	<Label item="BW_Buff29">
		<ScreenID>Buff29Label</ScreenID>
		<EQType>529</EQType>
		<Font>2</Font>
		<RelativePosition>true</RelativePosition>
		<Text></Text>
		<TextColor>
			<R>255</R>
			<G>255</G>
			<B>255</B>
		</TextColor>
		<NoWrap>true</NoWrap>
	</Label>
	<Label item="BW_Buff29Number">
		<ScreenID>Buff29No</ScreenID>
		<Font>2</Font>
		<RelativePosition>true</RelativePosition>
		<Text></Text>
		<TextColor>
			<R>0</R>
			<G>255</G>
			<B>255</B>
		</TextColor>
		<NoWrap>true</NoWrap>
	</Label>

	<Button item="BW_Buff30_Button">
		<ScreenID>Buff30</ScreenID>
		<RelativePosition>true</RelativePosition>
		<ButtonDrawTemplate>
			<Normal>BlueIconBackground</Normal>
			<NormalDecal>BuffIcons</NormalDecal>
		</ButtonDrawTemplate>
		<DecalOffset>
			<X>0</X>
			<Y>0</Y>
		</DecalOffset>
		<DecalSize>
			<CX>15</CX>
			<CY>15</CY>
		</DecalSize>
	</Button>
	<Label item="BW_Buff30">
		<ScreenID>Buff30Label</ScreenID>
		<EQType>530</EQType>
		<Font>2</Font>
		<RelativePosition>true</RelativePosition>
		<Text></Text>
		<TextColor>
			<R>255</R>
			<G>255</G>
			<B>255</B>
		</TextColor>
		<NoWrap>true</NoWrap>
	</Label>
	<Label item="BW_Buff30Number">
		<ScreenID>Buff30No</ScreenID>
		<Font>2</Font>
		<RelativePosition>true</RelativePosition>
		<Text></Text>
		<TextColor>
			<R>0</R>
			<G>255</G>
			<B>255</B>
		</TextColor>
		<NoWrap>true</NoWrap>
	</Label>

	<Button item="BW_Buff31_Button">
		<ScreenID>Buff31</ScreenID>
		<RelativePosition>true</RelativePosition>
		<ButtonDrawTemplate>
			<Normal>BlueIconBackground</Normal>
			<NormalDecal>BuffIcons</NormalDecal>
		</ButtonDrawTemplate>
		<DecalOffset>
			<X>0</X>
			<Y>0</Y>
		</DecalOffset>
		<DecalSize>
			<CX>15</CX>
			<CY>15</CY>
		</DecalSize>
	</Button>
	<Label item="BW_Buff31">
		<ScreenID>Buff31Label</ScreenID>
		<EQType>531</EQType>
		<Font>2</Font>
		<RelativePosition>true</RelativePosition>
		<Text></Text>
		<TextColor>
			<R>255</R>
			<G>255</G>
			<B>255</B>
		</TextColor>
		<NoWrap>true</NoWrap>
	</Label>
	<Label item="BW_Buff31Number">
		<ScreenID>Buff31No</ScreenID>
		<Font>2</Font>
		<RelativePosition>true</RelativePosition>
		<Text></Text>
		<TextColor>
			<R>0</R>
			<G>255</G>
			<B>255</B>
		</TextColor>
		<NoWrap>true</NoWrap>
	</Label>

	<Button item="BW_Buff32_Button">
		<ScreenID>Buff32</ScreenID>
		<RelativePosition>true</RelativePosition>
		<ButtonDrawTemplate>
			<Normal>BlueIconBackground</Normal>
			<NormalDecal>BuffIcons</NormalDecal>
		</ButtonDrawTemplate>
		<DecalOffset>
			<X>0</X>
			<Y>0</Y>
		</DecalOffset>
		<DecalSize>
			<CX>15</CX>
			<CY>15</CY>
		</DecalSize>
	</Button>
	<Label item="BW_Buff32">
		<ScreenID>Buff32Label</ScreenID>
		<EQType>532</EQType>
		<Font>2</Font>
		<RelativePosition>true</RelativePosition>
		<Text></Text>
		<TextColor>
			<R>255</R>
			<G>255</G>
			<B>255</B>
		</TextColor>
		<NoWrap>true</NoWrap>
	</Label>
	<Label item="BW_Buff32Number">
		<ScreenID>Buff32No</ScreenID>
		<Font>2</Font>
		<RelativePosition>true</RelativePosition>
		<Text></Text>
		<TextColor>
			<R>0</R>
			<G>255</G>
			<B>255</B>
		</TextColor>
		<NoWrap>true</NoWrap>
	</Label>

	<Button item="BW_Buff33_Button">
		<ScreenID>Buff33</ScreenID>
		<RelativePosition>true</RelativePosition>
		<ButtonDrawTemplate>
			<Normal>BlueIconBackground</Normal>
			<NormalDecal>BuffIcons</NormalDecal>
		</ButtonDrawTemplate>
		<DecalOffset>
			<X>0</X>
			<Y>0</Y>
		</DecalOffset>
		<DecalSize>
			<CX>15</CX>
			<CY>15</CY>
		</DecalSize>
	</Button>
	<Label item="BW_Buff33">
		<ScreenID>Buff33Label</ScreenID>
		<EQType>533</EQType>
		<Font>2</Font>
		<RelativePosition>true</RelativePosition>
		<Text></Text>
		<TextColor>
			<R>255</R>
			<G>255</G>
			<B>255</B>
		</TextColor>
		<NoWrap>true</NoWrap>
	</Label>
	<Label item="BW_Buff33Number">
		<ScreenID>Buff33No</ScreenID>
		<Font>2</Font>
		<RelativePosition>true</RelativePosition>
		<Text></Text>
		<TextColor>
			<R>0</R>
			<G>255</G>
			<B>255</B>
		</TextColor>
		<NoWrap>true</NoWrap>
	</Label>

	<Button item="BW_Buff34_Button">
		<ScreenID>Buff34</ScreenID>
		<RelativePosition>true</RelativePosition>
		<ButtonDrawTemplate>
			<Normal>BlueIconBackground</Normal>
			<NormalDecal>BuffIcons</NormalDecal>
		</ButtonDrawTemplate>
		<DecalOffset>
			<X>0</X>
			<Y>0</Y>
		</DecalOffset>
		<DecalSize>
			<CX>15</CX>
			<CY>15</CY>
		</DecalSize>
	</Button>
	<Label item="BW_Buff34">
		<ScreenID>Buff34Label</ScreenID>
		<EQType>534</EQType>
		<Font>2</Font>
		<RelativePosition>true</RelativePosition>
		<Text></Text>
		<TextColor>
			<R>255</R>
			<G>255</G>
			<B>255</B>
		</TextColor>
		<NoWrap>true</NoWrap>
	</Label>
	<Label item="BW_Buff34Number">
		<ScreenID>Buff34No</ScreenID>
		<Font>2</Font>
		<RelativePosition>true</RelativePosition>
		<Text></Text>
		<TextColor>
			<R>0</R>
			<G>255</G>
			<B>255</B>
		</TextColor>
		<NoWrap>true</NoWrap>
	</Label>
	
	<Button item="BW_Buff35_Button">
		<ScreenID>Buff35</ScreenID>
		<RelativePosition>true</RelativePosition>
		<ButtonDrawTemplate>
			<Normal>BlueIconBackground</Normal>
			<NormalDecal>BuffIcons</NormalDecal>
		</ButtonDrawTemplate>
		<DecalOffset>
			<X>0</X>
			<Y>0</Y>
		</DecalOffset>
		<DecalSize>
			<CX>15</CX>
			<CY>15</CY>
		</DecalSize>
	</Button>
	<Label item="BW_Buff35">
		<ScreenID>Buff35Label</ScreenID>
		<EQType>535</EQType>
		<Font>2</Font>
		<RelativePosition>true</RelativePosition>
		<Text></Text>
		<TextColor>
			<R>255</R>
			<G>255</G>
			<B>255</B>
		</TextColor>
		<NoWrap>true</NoWrap>
	</Label>
	<Label item="BW_Buff35Number">
		<ScreenID>Buff35No</ScreenID>
		<Font>2</Font>
		<RelativePosition>true</RelativePosition>
		<Text></Text>
		<TextColor>
			<R>0</R>
			<G>255</G>
			<B>255</B>
		</TextColor>
		<NoWrap>true</NoWrap>
	</Label>
	
	<Button item="BW_Buff36_Button">
		<ScreenID>Buff36</ScreenID>
		<RelativePosition>true</RelativePosition>
		<ButtonDrawTemplate>
			<Normal>BlueIconBackground</Normal>
			<NormalDecal>BuffIcons</NormalDecal>
		</ButtonDrawTemplate>
		<DecalOffset>
			<X>0</X>
			<Y>0</Y>
		</DecalOffset>
		<DecalSize>
			<CX>15</CX>
			<CY>15</CY>
		</DecalSize>
	</Button>
	<Label item="BW_Buff36">
		<ScreenID>Buff36Label</ScreenID>
		<EQType>536</EQType>
		<Font>2</Font>
		<RelativePosition>true</RelativePosition>
		<Text></Text>
		<TextColor>
			<R>255</R>
			<G>255</G>
			<B>255</B>
		</TextColor>
		<NoWrap>true</NoWrap>
	</Label>
	<Label item="BW_Buff36Number">
		<ScreenID>Buff36No</ScreenID>
		<Font>2</Font>
		<RelativePosition>true</RelativePosition>
		<Text></Text>
		<TextColor>
			<R>0</R>
			<G>255</G>
			<B>255</B>
		</TextColor>
		<NoWrap>true</NoWrap>
	</Label>
	
	<Button item="BW_Buff37_Button">
		<ScreenID>Buff37</ScreenID>
		<RelativePosition>true</RelativePosition>
		<ButtonDrawTemplate>
			<Normal>BlueIconBackground</Normal>
			<NormalDecal>BuffIcons</NormalDecal>
		</ButtonDrawTemplate>
		<DecalOffset>
			<X>0</X>
			<Y>0</Y>
		</DecalOffset>
		<DecalSize>
			<CX>15</CX>
			<CY>15</CY>
		</DecalSize>
	</Button>
	<Label item="BW_Buff37">
		<ScreenID>Buff37Label</ScreenID>
		<EQType>537</EQType>
		<Font>2</Font>
		<RelativePosition>true</RelativePosition>
		<Text></Text>
		<TextColor>
			<R>255</R>
			<G>255</G>
			<B>255</B>
		</TextColor>
		<NoWrap>true</NoWrap>
	</Label>
	<Label item="BW_Buff37Number">
		<ScreenID>Buff37No</ScreenID>
		<Font>2</Font>
		<RelativePosition>true</RelativePosition>
		<Text></Text>
		<TextColor>
			<R>0</R>
			<G>255</G>
			<B>255</B>
		</TextColor>
		<NoWrap>true</NoWrap>
	</Label>
	
	<Button item="BW_Buff38_Button">
		<ScreenID>Buff38</ScreenID>
		<RelativePosition>true</RelativePosition>
		<ButtonDrawTemplate>
			<Normal>BlueIconBackground</Normal>
			<NormalDecal>BuffIcons</NormalDecal>
		</ButtonDrawTemplate>
		<DecalOffset>
			<X>0</X>
			<Y>0</Y>
		</DecalOffset>
		<DecalSize>
			<CX>15</CX>
			<CY>15</CY>
		</DecalSize>
	</Button>
	<Label item="BW_Buff38">
		<ScreenID>Buff38Label</ScreenID>
		<EQType>538</EQType>
		<Font>2</Font>
		<RelativePosition>true</RelativePosition>
		<Text></Text>
		<TextColor>
			<R>255</R>
			<G>255</G>
			<B>255</B>
		</TextColor>
		<NoWrap>true</NoWrap>
	</Label>
	<Label item="BW_Buff38Number">
		<ScreenID>Buff38No</ScreenID>
		<Font>2</Font>
		<RelativePosition>true</RelativePosition>
		<Text></Text>
		<TextColor>
			<R>0</R>
			<G>255</G>
			<B>255</B>
		</TextColor>
		<NoWrap>true</NoWrap>
	</Label>

	<Button item="BW_Buff39_Button">
		<ScreenID>Buff39</ScreenID>
		<RelativePosition>true</RelativePosition>
		<ButtonDrawTemplate>
			<Normal>BlueIconBackground</Normal>
			<NormalDecal>BuffIcons</NormalDecal>
		</ButtonDrawTemplate>
		<DecalOffset>
			<X>0</X>
			<Y>0</Y>
		</DecalOffset>
		<DecalSize>
			<CX>15</CX>
			<CY>15</CY>
		</DecalSize>
	</Button>
	<Label item="BW_Buff39">
		<ScreenID>Buff39Label</ScreenID>
		<EQType>539</EQType>
		<Font>2</Font>
		<RelativePosition>true</RelativePosition>
		<Text></Text>
		<TextColor>
			<R>255</R>
			<G>255</G>
			<B>255</B>
		</TextColor>
		<NoWrap>true</NoWrap>
	</Label>
	<Label item="BW_Buff39Number">
		<ScreenID>Buff39No</ScreenID>
		<Font>2</Font>
		<RelativePosition>true</RelativePosition>
		<Text></Text>
		<TextColor>
			<R>0</R>
			<G>255</G>
			<B>255</B>
		</TextColor>
		<NoWrap>true</NoWrap>
	</Label>

	<Button item="BW_Buff40_Button">
		<ScreenID>Buff40</ScreenID>
		<RelativePosition>true</RelativePosition>
		<ButtonDrawTemplate>
			<Normal>BlueIconBackground</Normal>
			<NormalDecal>BuffIcons</NormalDecal>
		</ButtonDrawTemplate>
		<DecalOffset>
			<X>0</X>
			<Y>0</Y>
		</DecalOffset>
		<DecalSize>
			<CX>15</CX>
			<CY>15</CY>
		</DecalSize>
	</Button>
	<Label item="BW_Buff40">
		<ScreenID>Buff40Label</ScreenID>
		<EQType>540</EQType>
		<Font>2</Font>
		<RelativePosition>true</RelativePosition>
		<Text></Text>
		<TextColor>
			<R>255</R>
			<G>255</G>
			<B>255</B>
		</TextColor>
		<NoWrap>true</NoWrap>
	</Label>
	<Label item="BW_Buff40Number">
		<ScreenID>Buff40No</ScreenID>
		<Font>2</Font>
		<RelativePosition>true</RelativePosition>
		<Text></Text>
		<TextColor>
			<R>0</R>
			<G>255</G>
			<B>255</B>
		</TextColor>
		<NoWrap>true</NoWrap>
	</Label>

	<Button item="BW_Buff41_Button">
		<ScreenID>Buff41</ScreenID>
		<RelativePosition>true</RelativePosition>
		<ButtonDrawTemplate>
			<Normal>BlueIconBackground</Normal>
			<NormalDecal>BuffIcons</NormalDecal>
		</ButtonDrawTemplate>
		<DecalOffset>
			<X>0</X>
			<Y>0</Y>
		</DecalOffset>
		<DecalSize>
			<CX>15</CX>
			<CY>15</CY>
		</DecalSize>
	</Button>
	<Label item="BW_Buff41">
		<ScreenID>Buff41Label</ScreenID>
		<EQType>541</EQType>
		<Font>2</Font>
		<RelativePosition>true</RelativePosition>
		<Text></Text>
		<TextColor>
			<R>255</R>
			<G>255</G>
			<B>255</B>
		</TextColor>
		<NoWrap>true</NoWrap>
	</Label>
	<Label item="BW_Buff41Number">
		<ScreenID>Buff41No</ScreenID>
		<Font>2</Font>
		<RelativePosition>true</RelativePosition>
		<Text></Text>
		<TextColor>
			<R>0</R>
			<G>255</G>
			<B>255</B>
		</TextColor>
		<NoWrap>true</NoWrap>
	</Label>

	<TileLayoutBox item="BW_Buttons">
		<RelativePosition>true</RelativePosition>
		<AutoStretch>true</AutoStretch>
		<BottomAnchorToTop>false</BottomAnchorToTop>
		<RightAnchorToLeft>false</RightAnchorToLeft>
		<Style_Transparent>true</Style_Transparent>
		<Spacing>1</Spacing>
		<SecondarySpacing>0</SecondarySpacing>
		<HorizontalFirst>false</HorizontalFirst>
		<AnchorToTop>true</AnchorToTop>
		<AnchorToLeft>true</AnchorToLeft>
		<LeftAnchorOffset>0</LeftAnchorOffset>
		<TopAnchorOffset>0</TopAnchorOffset>
		<FirstPieceTemplate>true</FirstPieceTemplate>
		<Pieces>BW_Buff0_Button</Pieces>
		<Pieces>BW_Buff1_Button</Pieces>
		<Pieces>BW_Buff2_Button</Pieces>
		<Pieces>BW_Buff3_Button</Pieces>
		<Pieces>BW_Buff4_Button</Pieces>
		<Pieces>BW_Buff5_Button</Pieces>
		<Pieces>BW_Buff6_Button</Pieces>
		<Pieces>BW_Buff7_Button</Pieces>
		<Pieces>BW_Buff8_Button</Pieces>
		<Pieces>BW_Buff9_Button</Pieces>
		<Pieces>BW_Buff10_Button</Pieces>
		<Pieces>BW_Buff11_Button</Pieces>
		<Pieces>BW_Buff12_Button</Pieces>
		<Pieces>BW_Buff13_Button</Pieces>
		<Pieces>BW_Buff14_Button</Pieces>
		<Pieces>BW_Buff15_Button</Pieces>
		<Pieces>BW_Buff16_Button</Pieces>
		<Pieces>BW_Buff17_Button</Pieces>
		<Pieces>BW_Buff18_Button</Pieces>
		<Pieces>BW_Buff19_Button</Pieces>
		<Pieces>BW_Buff20_Button</Pieces>
		<Pieces>BW_Buff21_Button</Pieces>
		<Pieces>BW_Buff22_Button</Pieces>
		<Pieces>BW_Buff23_Button</Pieces>
		<Pieces>BW_Buff24_Button</Pieces>
		<Pieces>BW_Buff25_Button</Pieces>
		<Pieces>BW_Buff26_Button</Pieces>
		<Pieces>BW_Buff27_Button</Pieces>
		<Pieces>BW_Buff28_Button</Pieces>
		<Pieces>BW_Buff29_Button</Pieces>
		<Pieces>BW_Buff30_Button</Pieces>
		<Pieces>BW_Buff31_Button</Pieces>
		<Pieces>BW_Buff32_Button</Pieces>
		<Pieces>BW_Buff33_Button</Pieces>
		<Pieces>BW_Buff34_Button</Pieces>
		<Pieces>BW_Buff35_Button</Pieces>
		<Pieces>BW_Buff36_Button</Pieces>
		<Pieces>BW_Buff37_Button</Pieces>
		<Pieces>BW_Buff38_Button</Pieces>
		<Pieces>BW_Buff39_Button</Pieces>
		<Pieces>BW_Buff40_Button</Pieces>
		<Pieces>BW_Buff41_Button</Pieces>
	</TileLayoutBox>
	
	<TileLayoutBox item="BW_Labels">
		<RelativePosition>true</RelativePosition>
		<AutoStretch>true</AutoStretch>
		<BottomAnchorToTop>false</BottomAnchorToTop>
		<RightAnchorToLeft>false</RightAnchorToLeft>
		<Style_Transparent>true</Style_Transparent>
		<Style_Tooltip>false</Style_Tooltip>
		<Spacing>3</Spacing>
		<SecondarySpacing>36</SecondarySpacing>
		<HorizontalFirst>false</HorizontalFirst>
		<AnchorToTop>true</AnchorToTop>
		<AnchorToLeft>true</AnchorToLeft>
		<LeftAnchorOffset>20</LeftAnchorOffset>
		<TopAnchorOffset>3</TopAnchorOffset>
		<FirstPieceTemplate>true</FirstPieceTemplate>
		<Pieces>BW_Buff0</Pieces>
		<Pieces>BW_Buff1</Pieces>
		<Pieces>BW_Buff2</Pieces>
		<Pieces>BW_Buff3</Pieces>
		<Pieces>BW_Buff4</Pieces>
		<Pieces>BW_Buff5</Pieces>
		<Pieces>BW_Buff6</Pieces>
		<Pieces>BW_Buff7</Pieces>
		<Pieces>BW_Buff8</Pieces>
		<Pieces>BW_Buff9</Pieces>
		<Pieces>BW_Buff10</Pieces>
		<Pieces>BW_Buff11</Pieces>
		<Pieces>BW_Buff12</Pieces>
		<Pieces>BW_Buff13</Pieces>
		<Pieces>BW_Buff14</Pieces>
		<Pieces>BW_Buff15</Pieces>
		<Pieces>BW_Buff16</Pieces>
		<Pieces>BW_Buff17</Pieces>
		<Pieces>BW_Buff18</Pieces>
		<Pieces>BW_Buff19</Pieces>
		<Pieces>BW_Buff20</Pieces>
		<Pieces>BW_Buff21</Pieces>
		<Pieces>BW_Buff22</Pieces>
		<Pieces>BW_Buff23</Pieces>
		<Pieces>BW_Buff24</Pieces>
		<Pieces>BW_Buff25</Pieces>
		<Pieces>BW_Buff26</Pieces>
		<Pieces>BW_Buff27</Pieces>
		<Pieces>BW_Buff28</Pieces>
		<Pieces>BW_Buff29</Pieces>
		<Pieces>BW_Buff30</Pieces>
		<Pieces>BW_Buff31</Pieces>
		<Pieces>BW_Buff32</Pieces>
		<Pieces>BW_Buff33</Pieces>
		<Pieces>BW_Buff34</Pieces>
		<Pieces>BW_Buff35</Pieces>
		<Pieces>BW_Buff36</Pieces>
		<Pieces>BW_Buff37</Pieces>
		<Pieces>BW_Buff38</Pieces>
		<Pieces>BW_Buff39</Pieces>
		<Pieces>BW_Buff40</Pieces>
		<Pieces>BW_Buff41</Pieces>
	</TileLayoutBox>
	
	<TileLayoutBox item="BW_Numbers">
		<RelativePosition>true</RelativePosition>
		<AutoStretch>true</AutoStretch>
		<BottomAnchorToTop>false</BottomAnchorToTop>
		<RightAnchorToLeft>false</RightAnchorToLeft>
		<Style_Transparent>true</Style_Transparent>
		<Style_Tooltip>false</Style_Tooltip>
		<Spacing>10</Spacing>
		<SecondarySpacing>165</SecondarySpacing>
		<HorizontalFirst>false</HorizontalFirst>
		<AnchorToTop>true</AnchorToTop>
		<AnchorToLeft>true</AnchorToLeft>
		<TopAnchorOffset>3</TopAnchorOffset>
		<FirstPieceTemplate>true</FirstPieceTemplate>
		<Pieces>BW_Buff0Number</Pieces>
		<Pieces>BW_Buff1Number</Pieces>
		<Pieces>BW_Buff2Number</Pieces>
		<Pieces>BW_Buff3Number</Pieces>
		<Pieces>BW_Buff4Number</Pieces>
		<Pieces>BW_Buff5Number</Pieces>
		<Pieces>BW_Buff6Number</Pieces>
		<Pieces>BW_Buff7Number</Pieces>
		<Pieces>BW_Buff8Number</Pieces>
		<Pieces>BW_Buff9Number</Pieces>
		<Pieces>BW_Buff10Number</Pieces>
		<Pieces>BW_Buff11Number</Pieces>
		<Pieces>BW_Buff12Number</Pieces>
		<Pieces>BW_Buff13Number</Pieces>
		<Pieces>BW_Buff14Number</Pieces>
		<Pieces>BW_Buff15Number</Pieces>
		<Pieces>BW_Buff16Number</Pieces>
		<Pieces>BW_Buff17Number</Pieces>
		<Pieces>BW_Buff18Number</Pieces>
		<Pieces>BW_Buff19Number</Pieces>
		<Pieces>BW_Buff20Number</Pieces>
		<Pieces>BW_Buff21Number</Pieces>
		<Pieces>BW_Buff22Number</Pieces>
		<Pieces>BW_Buff23Number</Pieces>
		<Pieces>BW_Buff24Number</Pieces>
		<Pieces>BW_Buff25Number</Pieces>
		<Pieces>BW_Buff26Number</Pieces>
		<Pieces>BW_Buff27Number</Pieces>
		<Pieces>BW_Buff28Number</Pieces>
		<Pieces>BW_Buff29Number</Pieces>
		<Pieces>BW_Buff30Number</Pieces>
		<Pieces>BW_Buff31Number</Pieces>
		<Pieces>BW_Buff32Number</Pieces>
		<Pieces>BW_Buff33Number</Pieces>
		<Pieces>BW_Buff34Number</Pieces>
		<Pieces>BW_Buff35Number</Pieces>
		<Pieces>BW_Buff36Number</Pieces>
		<Pieces>BW_Buff37Number</Pieces>
		<Pieces>BW_Buff38Number</Pieces>
		<Pieces>BW_Buff39Number</Pieces>
		<Pieces>BW_Buff40Number</Pieces>
		<Pieces>BW_Buff41Number</Pieces>
	</TileLayoutBox>
	
	<Screen item="BuffWindow">
		<Text></Text>
		<RelativePosition>false</RelativePosition>
		<Location>
			<X>465</X>
			<Y>0</Y>
		</Location>
		<Size>
			<CX>185</CX>
			<CY>890</CY>
		</Size>
		<Style_Transparent>true</Style_Transparent>
		<DrawTemplate>WDT_Inner</DrawTemplate>
		<Style_Titlebar>false</Style_Titlebar>
		<Style_Closebox>false</Style_Closebox>
		<Style_Minimizebox>false</Style_Minimizebox>
		<Style_Border>true</Style_Border>
		<Style_Sizable>true</Style_Sizable>
		<Style_ClientMovable>true</Style_ClientMovable>
		<Pieces>TileLayoutBox:BW_Buttons</Pieces>
		<Pieces>TileLayoutBox:BW_Labels</Pieces>
		<Pieces>TileLayoutBox:BW_Numbers</Pieces>
	</Screen>
</XML>
