<?xml version="1.0" encoding="us-ascii"?>
<XML ID="EQInterfaceDefinitionLanguage">
  <Schema xmlns="EverQuestData" xmlns:dt="EverQuestDataTypes" />
   <TextureInfo item="border.dds">
    <Size>
      <CX>256</CX>
      <CY>256</CY>
    </Size>
  </TextureInfo>
  <TextureInfo item="button_light.dds">
    <Size>
      <CX>256</CX>
      <CY>256</CY>
    </Size>
  </TextureInfo>
  <TextureInfo item="button_light_flyover.dds">
		<Size>
			<CX>256</CX>
			<CY>256</CY>
		</Size>
	</TextureInfo>
  <TextureInfo item="button_dark.dds">
    <Size>
      <CX>256</CX>
      <CY>256</CY>
    </Size>
  </TextureInfo>
  <TextureInfo item="button_dark_flyover.dds">
    <Size>
      <CX>256</CX>
      <CY>256</CY>
    </Size>
  </TextureInfo>
  <TextureInfo item="Myxiplx_window_pieces.dds">
    <Size>
      <CX>256</CX>
      <CY>256</CY>
    </Size>
  </TextureInfo>
  <Ui2DAnimation item="Myx_A_CenterButtonNormal">
    <Cycle>false</Cycle>
    <Frames>
      <Texture>Myxiplx_window_pieces.dds</Texture>
      <Location>
        <X>0</X>
        <Y>0</Y>
      </Location>
      <Size>
        <CX>22</CX>
        <CY>22</CY>
      </Size>
      <Hotspot>
        <X>0</X>
        <Y>0</Y>
      </Hotspot>
    </Frames>
  </Ui2DAnimation>
  <Ui2DAnimation item="Myx_A_CenterButtonNormalFlyby">
    <Cycle>false</Cycle>
    <Frames>
      <Texture>Myxiplx_window_pieces.dds</Texture>
      <Location>
        <X>22</X>
        <Y>0</Y>
      </Location>
      <Size>
        <CX>22</CX>
        <CY>22</CY>
      </Size>
      <Hotspot>
        <X>0</X>
        <Y>0</Y>
      </Hotspot>
    </Frames>
  </Ui2DAnimation>
  <Ui2DAnimation item="Myx_A_CenterButtonPressed">
    <Cycle>false</Cycle>
    <Frames>
      <Texture>Myxiplx_window_pieces.dds</Texture>
      <Location>
        <X>44</X>
        <Y>0</Y>
      </Location>
      <Size>
        <CX>22</CX>
        <CY>22</CY>
      </Size>
      <Hotspot>
        <X>0</X>
        <Y>0</Y>
      </Hotspot>
    </Frames>
  </Ui2DAnimation>
  <Ui2DAnimation item="Myx_A_CenterButtonPressedFlyby">
    <Cycle>false</Cycle>
    <Frames>
      <Texture>Myxiplx_window_pieces.dds</Texture>
      <Location>
        <X>66</X>
        <Y>0</Y>
      </Location>
      <Size>
        <CX>22</CX>
        <CY>22</CY>
      </Size>
      <Hotspot>
        <X>0</X>
        <Y>0</Y>
      </Hotspot>
    </Frames>
  </Ui2DAnimation>
  <Ui2DAnimation item="Myx_Map_A_MapPiece_Light">
    <Cycle>false</Cycle>
    <Frames>
      <Texture>button_light.dds</Texture>
      <Location>
        <X>0</X>
        <Y>0</Y>
      </Location>
      <Size>
        <CX>249</CX>
        <CY>198</CY>
      </Size>
      <Hotspot>
        <X>0</X>
        <Y>0</Y>
      </Hotspot>
    </Frames>
  </Ui2DAnimation>
  <Ui2DAnimation item="Myx_Map_A_MapPiece_Light_Flyover">
    <Cycle>false</Cycle>
    <Frames>
      <Texture>button_light_flyover.dds</Texture>
      <Location>
        <X>0</X>
        <Y>0</Y>
      </Location>
      <Size>
        <CX>249</CX>
        <CY>198</CY>
      </Size>
      <Hotspot>
        <X>0</X>
        <Y>0</Y>
      </Hotspot>
    </Frames>
  </Ui2DAnimation>
  <Ui2DAnimation item="Myx_Map_A_MapPiece_Dark">
		<Cycle>false</Cycle>
		<Frames>
			<Texture>button_dark.dds</Texture>
			<Location>
				<X>0</X>
				<Y>0</Y>
			</Location>
			<Size>
				<CX>249</CX>
				<CY>198</CY>
			</Size>
			<Hotspot>
				<X>0</X>
				<Y>0</Y>
			</Hotspot>
		</Frames>
	</Ui2DAnimation>
  <Ui2DAnimation item="Myx_Map_A_MapPiece_Dark_Flyover">
    <Cycle>false</Cycle>
    <Frames>
      <Texture>button_dark_flyover.dds</Texture>
      <Location>
        <X>0</X>
        <Y>0</Y>
      </Location>
      <Size>
        <CX>249</CX>
        <CY>198</CY>
      </Size>
      <Hotspot>
        <X>0</X>
        <Y>0</Y>
      </Hotspot>
    </Frames>
  </Ui2DAnimation>
	<TextureInfo item="map_icon.tga">
		<Size>
			<CX>64</CX>
			<CY>64</CY>
		</Size>
	</TextureInfo>
	<Ui2DAnimation item="A_MapIcon">
		<Cycle>true</Cycle>
		<Frames>
			<Texture>map_icon.tga</Texture>
			<Location>
				<X>0</X>
				<Y>0</Y>
			</Location>
			<Size>
				<CX>64</CX>
				<CY>64</CY>
			</Size>
			<Hotspot>
				<X>0</X>
				<Y>0</Y>
			</Hotspot>
			<Duration>1000</Duration>
		</Frames>
	</Ui2DAnimation>
	<ButtonDrawTemplate item="BDT_MapIcon">
		<Normal>A_MapIcon</Normal>
	</ButtonDrawTemplate>
	<Button item="MVW_MapZoneGuide">
		<ScreenID>MVW_MapZoneGuide</ScreenID>
		<AutoStretch>true</AutoStretch>
		<RelativePosition>true</RelativePosition>
		<LeftAnchorOffset>72</LeftAnchorOffset>
		<TopAnchorOffset>1</TopAnchorOffset>
		<RightAnchorOffset>2</RightAnchorOffset>
		<BottomAnchorOffset>21</BottomAnchorOffset>
		<LeftAnchorToLeft>false</LeftAnchorToLeft>
		<TopAnchorToTop>true</TopAnchorToTop>
		<RightAnchorToLeft>false</RightAnchorToLeft>
		<BottomAnchorToTop>true</BottomAnchorToTop>
		<Style_Transparent>false</Style_Transparent>
		<Style_Checkbox>false</Style_Checkbox>
		<Text>Zone Guide</Text>
		<TextColor>
			<R>255</R>
			<G>255</G>
			<B>255</B>
		</TextColor>
		<TooltipReference>Toggle the visibility of the Zone Guide.</TooltipReference>
		<Template>BDT_Normal</Template>
	</Button>	
	<Button item="MVW_MapIconButton">
		<ScreenID>MVW_MapIconButton</ScreenID>
		<RelativePosition>true</RelativePosition>
		<Location>
			<X>5</X>
			<Y>25</Y>
		</Location>
		<Size>
			<CX>30</CX>
			<CY>30</CY>
		</Size>
		<Template>BDT_MapIcon</Template>
	</Button>
	<Combobox item="MVW_MapsDirCombobox">
		<ScreenID>MVW_MapsDirCombobox</ScreenID>
		<DrawTemplate>WDT_Inner</DrawTemplate>
                <RelativePosition>true</RelativePosition>
		<AutoStretch>true</AutoStretch>
		<RelativePosition>true</RelativePosition>
		<LeftAnchorOffset>536</LeftAnchorOffset>
		<TopAnchorOffset>1</TopAnchorOffset>
		<RightAnchorOffset>356</RightAnchorOffset>
		<BottomAnchorOffset>21</BottomAnchorOffset>
		<LeftAnchorToLeft>false</LeftAnchorToLeft>
		<TopAnchorToTop>true</TopAnchorToTop>
		<RightAnchorToLeft>false</RightAnchorToLeft>
		<BottomAnchorToTop>true</BottomAnchorToTop>
		<ListHeight>200</ListHeight>
		<Button>BDT_Combo</Button>
		<Style_Border>true</Style_Border>
	</Combobox>
	<Label item="MVW_SearchLabel">
		<ScreenID>MVW_SearchLabel</ScreenID>
		<RelativePosition>true</RelativePosition>
		<AutoStretch>true</AutoStretch>
		<RelativePosition>true</RelativePosition>
		<LeftAnchorOffset>280</LeftAnchorOffset>
		<TopAnchorOffset>4</TopAnchorOffset>
		<RightAnchorOffset>230</RightAnchorOffset>
		<BottomAnchorOffset>21</BottomAnchorOffset>
		<LeftAnchorToLeft>false</LeftAnchorToLeft>
		<TopAnchorToTop>true</TopAnchorToTop>
		<RightAnchorToLeft>false</RightAnchorToLeft>
		<BottomAnchorToTop>true</BottomAnchorToTop>
		<Text>Search:</Text>
		<TextColor>
			<R>255</R>
			<G>255</G>
			<B>255</B>
		</TextColor>
	</Label>
	<Editbox item="MVW_SearchBox">
		<ScreenID>MVW_SearchBox</ScreenID>
		<DrawTemplate>WDT_Inner</DrawTemplate>
		<RelativePosition>true</RelativePosition>
		<AutoStretch>true</AutoStretch>
		<RelativePosition>true</RelativePosition>
		<LeftAnchorOffset>236</LeftAnchorOffset>
		<TopAnchorOffset>1</TopAnchorOffset>
		<RightAnchorOffset>106</RightAnchorOffset>
		<BottomAnchorOffset>21</BottomAnchorOffset>
		<LeftAnchorToLeft>false</LeftAnchorToLeft>
		<TopAnchorToTop>true</TopAnchorToTop>
		<RightAnchorToLeft>false</RightAnchorToLeft>
		<BottomAnchorToTop>true</BottomAnchorToTop>
		<Style_Border>true</Style_Border>
		<TextColor>
			<R>255</R>
			<G>255</G>
			<B>255</B>
		</TextColor>
	</Editbox>
	<Button item="MVW_SearchButton">
		<ScreenID>MVW_SearchButton</ScreenID>
		<RelativePosition>true</RelativePosition>
		<AutoStretch>true</AutoStretch>
		<LeftAnchorOffset>104</LeftAnchorOffset>
		<TopAnchorOffset>1</TopAnchorOffset>
		<RightAnchorOffset>54</RightAnchorOffset>
		<BottomAnchorOffset>21</BottomAnchorOffset>
		<LeftAnchorToLeft>false</LeftAnchorToLeft>
		<TopAnchorToTop>true</TopAnchorToTop>
		<RightAnchorToLeft>false</RightAnchorToLeft>
		<BottomAnchorToTop>true</BottomAnchorToTop>
		<Text>Search</Text>
		<TextColor>
			<R>255</R>
			<G>255</G>
			<B>255</B>
		</TextColor>
		<Template>BDT_Normal</Template>
	</Button>
	<Button item="MVW_SearchClearButton">
		<ScreenID>MVW_SearchClearButton</ScreenID>
		<RelativePosition>true</RelativePosition>
		<AutoStretch>true</AutoStretch>
		<LeftAnchorOffset>52</LeftAnchorOffset>
		<TopAnchorOffset>1</TopAnchorOffset>
		<RightAnchorOffset>2</RightAnchorOffset>
		<BottomAnchorOffset>21</BottomAnchorOffset>
		<LeftAnchorToLeft>false</LeftAnchorToLeft>
		<TopAnchorToTop>true</TopAnchorToTop>
		<RightAnchorToLeft>false</RightAnchorToLeft>
		<BottomAnchorToTop>true</BottomAnchorToTop>
                <Style_Transparent>false</Style_Transparent>
		<Style_Checkbox>false</Style_Checkbox>
		<Text>Clear</Text>
		<TextColor>
			<R>255</R>
			<G>255</G>
			<B>255</B>
		</TextColor>
		<TooltipReference>Resets the search.</TooltipReference>
		<Template>BDT_Normal</Template>
	</Button> 
	<Screen item="MVW_MapSearchScreen">
		<RelativePosition>true</RelativePosition>
		<AutoStretch>true</AutoStretch>
		<TopAnchorToTop>true</TopAnchorToTop>
		<TopAnchorOffset>0</TopAnchorOffset>
		<BottomAnchorToTop>true</BottomAnchorToTop>
		<BottomAnchorOffset>26</BottomAnchorOffset>
		<LeftAnchorToLeft>false</LeftAnchorToLeft>
		<LeftAnchorOffset>356</LeftAnchorOffset>
		<RightAnchorToLeft>false</RightAnchorToLeft>
		<RightAnchorOffset>74</RightAnchorOffset>
		<Style_Transparent>true</Style_Transparent>
		<Pieces>MVW_SearchLabel</Pieces>
		<Pieces>MVW_SearchBox</Pieces>
		<Pieces>MVW_SearchButton</Pieces>
		<Pieces>MVW_SearchClearButton</Pieces>
	</Screen>
	<Button item="MVW_LoadCurrent">
		<ScreenID>MVW_LoadCurrent</ScreenID>
                <AutoStretch>true</AutoStretch>
		<RelativePosition>true</RelativePosition> 
		<LeftAnchorOffset>51</LeftAnchorOffset>
		<TopAnchorOffset>67</TopAnchorOffset>
		<RightAnchorOffset>1</RightAnchorOffset>
		<BottomAnchorOffset>87</BottomAnchorOffset>
		<LeftAnchorToLeft>false</LeftAnchorToLeft>
		<TopAnchorToTop>true</TopAnchorToTop>
		<RightAnchorToLeft>false</RightAnchorToLeft>
		<BottomAnchorToTop>true</BottomAnchorToTop>
		<Style_Transparent>false</Style_Transparent>
		<Style_Checkbox>false</Style_Checkbox>
		<Text>Current</Text>
		<TextColor>
			<R>255</R>
			<G>255</G>
			<B>255</B>
		</TextColor>
		<TooltipReference>Reset map to current zone.</TooltipReference>
		<Template>BDT_Normal</Template>
	</Button>	 
	<Button item="MVW_Find">
		<ScreenID>MVW_Find</ScreenID>
		<RelativePosition>true</RelativePosition>
		<AutoStretch>true</AutoStretch>
		<LeftAnchorOffset>51</LeftAnchorOffset>
		<TopAnchorOffset>1</TopAnchorOffset>
		<RightAnchorOffset>1</RightAnchorOffset>
		<BottomAnchorOffset>21</BottomAnchorOffset>
		<LeftAnchorToLeft>false</LeftAnchorToLeft>
		<TopAnchorToTop>true</TopAnchorToTop>
		<RightAnchorToLeft>false</RightAnchorToLeft>
		<BottomAnchorToTop>true</BottomAnchorToTop>
		<Style_Transparent>false</Style_Transparent>
		<Style_Checkbox>false</Style_Checkbox>
		<Text>Find</Text>
		<TextColor>
			<R>255</R>
			<G>255</G>
			<B>255</B>
		</TextColor>
		<TooltipReference>Find a destination in the current zone.</TooltipReference>
		<Template>BDT_Normal</Template>
	</Button>	 
	<Button item="MVW_EndFind">
		<ScreenID>MVW_EndFind</ScreenID>
                <AutoStretch>true</AutoStretch>
		<RelativePosition>true</RelativePosition>
		<LeftAnchorOffset>51</LeftAnchorOffset>
		<TopAnchorOffset>1</TopAnchorOffset>
		<RightAnchorOffset>1</RightAnchorOffset>
		<BottomAnchorOffset>21</BottomAnchorOffset>
		<LeftAnchorToLeft>false</LeftAnchorToLeft>
		<TopAnchorToTop>true</TopAnchorToTop>
		<RightAnchorToLeft>false</RightAnchorToLeft>
		<BottomAnchorToTop>true</BottomAnchorToTop>
		<Style_Transparent>false</Style_Transparent>
		<Style_Checkbox>false</Style_Checkbox>
		<Text>End</Text>
		<TextColor>
			<R>255</R>
			<G>255</G>
			<B>255</B>
		</TextColor>
		<TooltipReference>Cancel the current find path.</TooltipReference>
		<Template>BDT_Normal</Template>
	</Button>	
	<Button item="MVW_FindAutoZoom">
		<ScreenID>MVW_FindAutoZoom</ScreenID>
                <AutoStretch>true</AutoStretch>
		<RelativePosition>true</RelativePosition> 
		<LeftAnchorOffset>51</LeftAnchorOffset>
		<TopAnchorOffset>23</TopAnchorOffset>
		<RightAnchorOffset>1</RightAnchorOffset>
		<BottomAnchorOffset>43</BottomAnchorOffset>
		<LeftAnchorToLeft>false</LeftAnchorToLeft>
		<TopAnchorToTop>true</TopAnchorToTop>
		<RightAnchorToLeft>false</RightAnchorToLeft>
		<BottomAnchorToTop>true</BottomAnchorToTop>
		<Style_Transparent>false</Style_Transparent>
		<Style_Checkbox>true</Style_Checkbox>
		<Text>Zoom</Text>
		<TextColor>
			<R>255</R>
			<G>255</G>
			<B>255</B>
		</TextColor>
		<TooltipReference>Toggle the map auto-zooming on your find path.</TooltipReference>
		<Template>BDT_Normal</Template>
	</Button>
	<Button item="MVW_ShowGroupButton">
		<ScreenID>MVW_ShowGroupButton</ScreenID>
                <AutoStretch>true</AutoStretch>
		<RelativePosition>true</RelativePosition> 
		<LeftAnchorOffset>51</LeftAnchorOffset>
		<TopAnchorOffset>45</TopAnchorOffset>
		<RightAnchorOffset>1</RightAnchorOffset>
		<BottomAnchorOffset>65</BottomAnchorOffset>
		<LeftAnchorToLeft>false</LeftAnchorToLeft>
		<TopAnchorToTop>true</TopAnchorToTop>
		<RightAnchorToLeft>false</RightAnchorToLeft>
		<BottomAnchorToTop>true</BottomAnchorToTop>
		<Style_Checkbox>true</Style_Checkbox>
                <Text>Group</Text>
		<TooltipReference>Toggle display of group members in the current zone.</TooltipReference>
		<TextColor>
			<R>255</R>
			<G>255</G>
			<B>255</B>
		</TextColor>
		<Template>BDT_Normal</Template>
	</Button>
	<Screen item="MVW_MapCurrentZoneScreen">
		<RelativePosition>true</RelativePosition>
		<AutoStretch>true</AutoStretch>
		<TopAnchorOffset>26</TopAnchorOffset>
		<TopAnchorToTop>true</TopAnchorToTop>
		<BottomAnchorToTop>true</BottomAnchorToTop>
		<BottomAnchorOffset>120</BottomAnchorOffset>
		<LeftAnchorToLeft>false</LeftAnchorToLeft>
		<LeftAnchorOffset>174</LeftAnchorOffset>
		<RightAnchorToLeft>false</RightAnchorToLeft>
		<RightAnchorOffset>74</RightAnchorOffset>
		<Style_Transparent>true</Style_Transparent>
		<Pieces>MVW_LoadCurrent</Pieces>
		<Pieces>MVW_Find</Pieces>
		<Pieces>MVW_EndFind</Pieces>
		<Pieces>MVW_FindAutoZoom</Pieces>
		<Pieces>MVW_ShowGroupButton</Pieces>
	</Screen>
	<Button item="MVW_Layer0Button">
		<ScreenID>MVW_Layer0Button</ScreenID>
                <AutoStretch>true</AutoStretch>
		<RelativePosition>true</RelativePosition>
		<LeftAnchorOffset>59</LeftAnchorOffset>
		<TopAnchorOffset>114</TopAnchorOffset>
		<RightAnchorOffset>7</RightAnchorOffset>
		<BottomAnchorOffset>134</BottomAnchorOffset>
		<LeftAnchorToLeft>false</LeftAnchorToLeft>
		<TopAnchorToTop>true</TopAnchorToTop>
		<RightAnchorToLeft>false</RightAnchorToLeft>
		<BottomAnchorToTop>true</BottomAnchorToTop>
		<Style_Transparent>false</Style_Transparent>
		<Style_Checkbox>true</Style_Checkbox>
		<Text>Base</Text>
		<TextColor>
			<R>255</R>
			<G>255</G>
			<B>255</B>
		</TextColor>
		<Template>BDT_Normal</Template>
	</Button>
	<Button item="MVW_LabelsToggleButton">
		<ScreenID>MVW_LabelsToggleButton</ScreenID>
	        <AutoStretch>true</AutoStretch>
		<RelativePosition>true</RelativePosition>
		<LeftAnchorOffset>59</LeftAnchorOffset>
		<TopAnchorOffset>195</TopAnchorOffset>
		<RightAnchorOffset>7</RightAnchorOffset>
		<BottomAnchorOffset>215</BottomAnchorOffset>
		<LeftAnchorToLeft>false</LeftAnchorToLeft>
		<TopAnchorToTop>true</TopAnchorToTop>
		<RightAnchorToLeft>false</RightAnchorToLeft>
		<BottomAnchorToTop>true</BottomAnchorToTop>
		<Style_VScroll>false</Style_VScroll>
		<Style_HScroll>false</Style_HScroll>
		<Style_Transparent>false</Style_Transparent>
		<Style_Checkbox>true</Style_Checkbox>
		<Text>Labels</Text>
		<TooltipReference>Toggle displaying of labels on and off.</TooltipReference>
		<TextColor>
			<R>255</R>
			<G>255</G>
			<B>255</B>
		</TextColor>
		<Template>BDT_Normal</Template>
	</Button>
	<Button item="MVW_PanResetButton">
		<ScreenID>MVW_PanResetButton</ScreenID>
                 <AutoStretch>true</AutoStretch>
		<RelativePosition>true</RelativePosition>
		<LeftAnchorOffset>46</LeftAnchorOffset>
		<TopAnchorOffset>27</TopAnchorOffset>
		<RightAnchorOffset>26</RightAnchorOffset>
		<BottomAnchorOffset>47</BottomAnchorOffset>
		<LeftAnchorToLeft>false</LeftAnchorToLeft>
		<TopAnchorToTop>true</TopAnchorToTop>
		<RightAnchorToLeft>false</RightAnchorToLeft>
		<BottomAnchorToTop>true</BottomAnchorToTop>
		<Style_VScroll>false</Style_VScroll>
		<Style_HScroll>false</Style_HScroll>
		<Style_Transparent>false</Style_Transparent>
		<Style_Checkbox>false</Style_Checkbox>
		<TextColor>
			<R>255</R>
			<G>255</G>
			<B>255</B>
		</TextColor>
                <ButtonDrawTemplate>
                  <Normal>Myx_A_CenterButtonNormal</Normal>
                  <Pressed>Myx_A_CenterButtonPressed</Pressed>
                  <Flyby>Myx_A_CenterButtonNormalFlyby</Flyby>
                  <Disabled>Myx_A_CenterButtonNormal</Disabled>
                  <PressedFlyby>Myx_A_CenterButtonPressedFlyby</PressedFlyby>
                </ButtonDrawTemplate>
	</Button>
	<Ui2DAnimation item="A_MapPiece">
		<Cycle>false</Cycle>
		<Frames>
                <Texture>border.dds</Texture>
			<Location>
				<X>0</X>
				<Y>0</Y>
			</Location>
			<Size>
                                <CX>256</CX>
                                <CY>189</CY>
			</Size>
			<Hotspot>
				<X>0</X>
				<Y>0</Y>
			</Hotspot>
		</Frames>
	</Ui2DAnimation>
	<Ui2DAnimation item="A_ToolbarButtonNormal">
		<Cycle>false</Cycle>
		<Frames>
                <Texture>window_pieces04.tga</Texture>
			<Location>
				<X>0</X>
				<Y>100</Y>
			</Location>
			<Size>
				<CX>22</CX>
				<CY>22</CY>
			</Size>
			<Hotspot>
				<X>0</X>
				<Y>0</Y>
			</Hotspot>
		</Frames>
	</Ui2DAnimation>
	<Ui2DAnimation item="A_ToolbarButtonFlyby">
		<Cycle>false</Cycle>
		<Frames>
                <Texture>window_pieces04.tga</Texture>
			<Location>
				<X>22</X>
				<Y>100</Y>
			</Location>
			<Size>
				<CX>22</CX>
				<CY>22</CY>
			</Size>
			<Hotspot>
				<X>0</X>
				<Y>0</Y>
			</Hotspot>
		</Frames>
	</Ui2DAnimation>
	<Ui2DAnimation item="A_ToolbarButtonPressed">
		<Cycle>false</Cycle>
		<Frames>
                <Texture>window_pieces04.tga</Texture>
			<Location>
				<X>44</X>
				<Y>100</Y>
			</Location>
			<Size>
				<CX>22</CX>
				<CY>22</CY>
			</Size>
			<Hotspot>
				<X>0</X>
				<Y>0</Y>
			</Hotspot>
		</Frames>
	</Ui2DAnimation>
	<Ui2DAnimation item="A_ToolbarButtonPressedFlyby">
		<Cycle>false</Cycle>
		<Frames>
                <Texture>window_pieces04.tga</Texture>
			<Location>
				<X>66</X>
				<Y>100</Y>
			</Location>
			<Size>
				<CX>22</CX>
				<CY>22</CY>
			</Size>
			<Hotspot>
				<X>0</X>
				<Y>0</Y>
			</Hotspot>
		</Frames>
	</Ui2DAnimation>
	<Button item="MVW_ZFilterButton">
		<ScreenID>MVW_ZFilterButton</ScreenID>
	        <AutoStretch>true</AutoStretch>
		<RelativePosition>true</RelativePosition>
		<LeftAnchorOffset>59</LeftAnchorOffset>
		<TopAnchorOffset>217</TopAnchorOffset>
		<RightAnchorOffset>7</RightAnchorOffset>
		<BottomAnchorOffset>237</BottomAnchorOffset>
		<LeftAnchorToLeft>false</LeftAnchorToLeft>
		<TopAnchorToTop>true</TopAnchorToTop>
		<RightAnchorToLeft>false</RightAnchorToLeft>
		<BottomAnchorToTop>true</BottomAnchorToTop>
		<Style_VScroll>false</Style_VScroll>
		<Style_HScroll>false</Style_HScroll>
		<Style_Transparent>false</Style_Transparent>
		<Style_Checkbox>true</Style_Checkbox>
                <Text>Height</Text>
		<TextColor>
			<R>255</R>
			<G>255</G>
			<B>255</B>
		</TextColor>
		<TooltipReference>Toggle filtering map lines based on your position and the high and low values.</TooltipReference>
		<Template>BDT_Normal</Template>
		<Font>2</Font>
	</Button>
	<Button item="MVW_Layer3ActiveButton">
		<ScreenID>MVW_Layer3ActiveButton</ScreenID>
                <AutoStretch>true</AutoStretch>
		<RelativePosition>true</RelativePosition>
		<LeftAnchorOffset>23</LeftAnchorOffset>
		<TopAnchorOffset>173</TopAnchorOffset>
		<RightAnchorOffset>7</RightAnchorOffset>
		<BottomAnchorOffset>193</BottomAnchorOffset>
		<LeftAnchorToLeft>false</LeftAnchorToLeft>
		<TopAnchorToTop>true</TopAnchorToTop>
		<RightAnchorToLeft>false</RightAnchorToLeft>
		<BottomAnchorToTop>true</BottomAnchorToTop>
		<Style_VScroll>false</Style_VScroll>
		<Style_HScroll>false</Style_HScroll>
		<Style_Transparent>false</Style_Transparent>
		<Style_Checkbox>false</Style_Checkbox>
		<Text>3</Text>
		<TextColor>
			<R>255</R>
			<G>255</G>
			<B>255</B>
		</TextColor>
		<Template>BDT_Normal</Template>
		<RadioGroup>MVW_ActiveLayer</RadioGroup>
	</Button>
	<Button item="MVW_Layer2ActiveButton">
		<ScreenID>MVW_Layer2ActiveButton</ScreenID>
                <AutoStretch>true</AutoStretch>
		<RelativePosition>true</RelativePosition>
		<LeftAnchorOffset>41</LeftAnchorOffset>
		<TopAnchorOffset>173</TopAnchorOffset>
		<RightAnchorOffset>25</RightAnchorOffset>
		<BottomAnchorOffset>193</BottomAnchorOffset>
		<LeftAnchorToLeft>false</LeftAnchorToLeft>
		<TopAnchorToTop>true</TopAnchorToTop>
		<RightAnchorToLeft>false</RightAnchorToLeft>
		<BottomAnchorToTop>true</BottomAnchorToTop>
		<Style_VScroll>false</Style_VScroll>
		<Style_HScroll>false</Style_HScroll>
		<Style_Transparent>false</Style_Transparent>
		<Style_Checkbox>false</Style_Checkbox>
		<Text>2</Text>
		<TextColor>
			<R>255</R>
			<G>255</G>
			<B>255</B>
		</TextColor>
		<Template>BDT_Normal</Template>
		<RadioGroup>MVW_ActiveLayer</RadioGroup>
	</Button>
	<Button item="MVW_Layer1ActiveButton">
		<ScreenID>MVW_Layer1ActiveButton</ScreenID>
	        <AutoStretch>true</AutoStretch>
		<RelativePosition>true</RelativePosition>
		<LeftAnchorOffset>59</LeftAnchorOffset>
		<TopAnchorOffset>173</TopAnchorOffset>
		<RightAnchorOffset>43</RightAnchorOffset>
		<BottomAnchorOffset>193</BottomAnchorOffset>
		<LeftAnchorToLeft>false</LeftAnchorToLeft>
		<TopAnchorToTop>true</TopAnchorToTop>
		<RightAnchorToLeft>false</RightAnchorToLeft>
		<BottomAnchorToTop>true</BottomAnchorToTop>
		<Style_VScroll>false</Style_VScroll>
		<Style_HScroll>false</Style_HScroll>
		<Style_Transparent>false</Style_Transparent>
		<Style_Checkbox>false</Style_Checkbox>
		<Text>1</Text>
		<TextColor>
			<R>255</R>
			<G>255</G>
			<B>255</B>
		</TextColor>
		<Template>BDT_Normal</Template>
		<RadioGroup>MVW_ActiveLayer</RadioGroup>
	</Button>
	<Label item="MVW_LayerActiveLabel">
		<ScreenID>MVW_LayerActiveLabel</ScreenID>
		<Font>2</Font>
		<Text>Active</Text>
		<TextColor>
			<R>255</R>
			<G>255</G>
			<B>255</B>
		</TextColor>
		<AutoStretch>true</AutoStretch>
		<RelativePosition>true</RelativePosition>
		<LeftAnchorOffset>47</LeftAnchorOffset>
		<TopAnchorOffset>102</TopAnchorOffset>
		<RightAnchorOffset>1</RightAnchorOffset>
		<BottomAnchorOffset>122</BottomAnchorOffset>
		<LeftAnchorToLeft>false</LeftAnchorToLeft>
		<TopAnchorToTop>true</TopAnchorToTop>
		<RightAnchorToLeft>false</RightAnchorToLeft>
		<BottomAnchorToTop>true</BottomAnchorToTop>
	</Label>
	<Label item="MVW_LayerVisibleLabel">
		<ScreenID>MVW_LayerVisibleLabel</ScreenID>
		<Font>2</Font>
		<Text>Visible</Text>
		<TextColor>
			<R>255</R>
			<G>255</G>
			<B>255</B>
		</TextColor>
	        <AutoStretch>true</AutoStretch>
		<RelativePosition>true</RelativePosition>
		<LeftAnchorOffset>47</LeftAnchorOffset>
		<TopAnchorOffset>157</TopAnchorOffset>
		<RightAnchorOffset>1</RightAnchorOffset>
		<BottomAnchorOffset>177</BottomAnchorOffset>
		<LeftAnchorToLeft>false</LeftAnchorToLeft>
		<TopAnchorToTop>true</TopAnchorToTop>
		<RightAnchorToLeft>false</RightAnchorToLeft>
		<BottomAnchorToTop>true</BottomAnchorToTop>
		<Style_Transparent>false</Style_Transparent>
		<Style_Checkbox>false</Style_Checkbox>
	</Label>
	<Button item="MVW_Layer3Button">
		<ScreenID>MVW_Layer3Button</ScreenID>
                <AutoStretch>true</AutoStretch>
		<RelativePosition>true</RelativePosition>
		<LeftAnchorOffset>23</LeftAnchorOffset>
		<TopAnchorOffset>135</TopAnchorOffset>
		<RightAnchorOffset>7</RightAnchorOffset>
		<BottomAnchorOffset>155</BottomAnchorOffset>
		<LeftAnchorToLeft>false</LeftAnchorToLeft>
		<TopAnchorToTop>true</TopAnchorToTop>
		<RightAnchorToLeft>false</RightAnchorToLeft>
		<BottomAnchorToTop>true</BottomAnchorToTop>
		<Style_VScroll>false</Style_VScroll>
		<Style_HScroll>false</Style_HScroll>
		<Style_Transparent>false</Style_Transparent>
		<Style_Checkbox>true</Style_Checkbox>
		<Text>3</Text>
		<TextColor>
			<R>255</R>
			<G>255</G>
			<B>255</B>
		</TextColor>
		<Template>BDT_Normal</Template>
	</Button>
	<Button item="MVW_Layer2Button">
		<ScreenID>MVW_Layer2Button</ScreenID>
                <AutoStretch>true</AutoStretch>
		<RelativePosition>true</RelativePosition>
		<LeftAnchorOffset>41</LeftAnchorOffset>
		<TopAnchorOffset>135</TopAnchorOffset>
		<RightAnchorOffset>25</RightAnchorOffset>
		<BottomAnchorOffset>155</BottomAnchorOffset>
		<LeftAnchorToLeft>false</LeftAnchorToLeft>
		<TopAnchorToTop>true</TopAnchorToTop>
		<RightAnchorToLeft>false</RightAnchorToLeft>
		<BottomAnchorToTop>true</BottomAnchorToTop>
		<Style_VScroll>false</Style_VScroll>
		<Style_HScroll>false</Style_HScroll>
		<Style_Transparent>false</Style_Transparent>
		<Style_Checkbox>true</Style_Checkbox>
		<Text>2</Text>
		<TextColor>
			<R>255</R>
			<G>255</G>
			<B>255</B>
		</TextColor>
		<Template>BDT_Normal</Template>
	</Button>
	<Button item="MVW_Layer1Button">
		<ScreenID>MVW_Layer1Button</ScreenID>
                <AutoStretch>true</AutoStretch>
		<RelativePosition>true</RelativePosition>
		<LeftAnchorOffset>59</LeftAnchorOffset>
		<TopAnchorOffset>135</TopAnchorOffset>
		<RightAnchorOffset>43</RightAnchorOffset>
		<BottomAnchorOffset>155</BottomAnchorOffset>
		<LeftAnchorToLeft>false</LeftAnchorToLeft>
		<TopAnchorToTop>true</TopAnchorToTop>
		<RightAnchorToLeft>false</RightAnchorToLeft>
		<BottomAnchorToTop>true</BottomAnchorToTop>
		<Style_VScroll>false</Style_VScroll>
		<Style_HScroll>false</Style_HScroll>
		<Style_Transparent>false</Style_Transparent>
		<Style_Checkbox>true</Style_Checkbox>
		<Text>1</Text>
		<TextColor>
			<R>255</R>
			<G>255</G>
			<B>255</B>
		</TextColor>
		<Template>BDT_Normal</Template>
	</Button>
	<Label item="MVW_LayersLabel">
		<ScreenID>MVW_LayersLabel</ScreenID>
		<Font>2</Font>
		<Text>Layers:</Text>
		<TextColor>
			<R>255</R>
			<G>255</G>
			<B>255</B>
		</TextColor>
	        <AutoStretch>true</AutoStretch>
		<RelativePosition>true</RelativePosition>
		<LeftAnchorOffset>47</LeftAnchorOffset>
		<TopAnchorOffset>91</TopAnchorOffset>
		<RightAnchorOffset>1</RightAnchorOffset>
		<BottomAnchorOffset>111</BottomAnchorOffset>
		<LeftAnchorToLeft>false</LeftAnchorToLeft>
		<TopAnchorToTop>true</TopAnchorToTop>
		<RightAnchorToLeft>false</RightAnchorToLeft>
		<BottomAnchorToTop>true</BottomAnchorToTop>
		<Style_Transparent>false</Style_Transparent>
		<Style_Checkbox>false</Style_Checkbox>
	</Label>
	<!-- Panning -->
	<Button item="MVW_PanLeftButton">
		<ScreenID>MVW_PanLeftButton</ScreenID>
	        <AutoStretch>true</AutoStretch>
		<RelativePosition>true</RelativePosition>
		<LeftAnchorOffset>66</LeftAnchorOffset>
		<TopAnchorOffset>27</TopAnchorOffset>
		<RightAnchorOffset>46</RightAnchorOffset>
		<BottomAnchorOffset>47</BottomAnchorOffset>
		<LeftAnchorToLeft>false</LeftAnchorToLeft>
		<TopAnchorToTop>true</TopAnchorToTop>
		<RightAnchorToLeft>false</RightAnchorToLeft>
		<BottomAnchorToTop>true</BottomAnchorToTop>
		<Style_Transparent>false</Style_Transparent>
		<Style_Checkbox>false</Style_Checkbox>
		<Template>BDT_PanLeft</Template>
	</Button>
	<Button item="MVW_PanRightButton">
		<ScreenID>MVW_PanRightButton</ScreenID>
		<AutoStretch>true</AutoStretch>
		<RelativePosition>true</RelativePosition>
		<LeftAnchorOffset>26</LeftAnchorOffset>
		<TopAnchorOffset>27</TopAnchorOffset>
		<RightAnchorOffset>6</RightAnchorOffset>
		<BottomAnchorOffset>47</BottomAnchorOffset>
		<LeftAnchorToLeft>false</LeftAnchorToLeft>
		<TopAnchorToTop>true</TopAnchorToTop>
		<RightAnchorToLeft>false</RightAnchorToLeft>
		<BottomAnchorToTop>true</BottomAnchorToTop>
		<Style_Transparent>false</Style_Transparent>
		<Style_Checkbox>false</Style_Checkbox>
		<Template>BDT_PanRight</Template>
	</Button>
	<Button item="MVW_PanUpButton">
		<ScreenID>MVW_PanUpButton</ScreenID>
		<AutoStretch>true</AutoStretch>
		<RelativePosition>true</RelativePosition>
		<LeftAnchorOffset>46</LeftAnchorOffset>
		<TopAnchorOffset>7</TopAnchorOffset>
		<RightAnchorOffset>26</RightAnchorOffset>
		<BottomAnchorOffset>27</BottomAnchorOffset>
		<LeftAnchorToLeft>false</LeftAnchorToLeft>
		<TopAnchorToTop>true</TopAnchorToTop>
		<RightAnchorToLeft>false</RightAnchorToLeft>
		<BottomAnchorToTop>true</BottomAnchorToTop>
		<Style_Transparent>false</Style_Transparent>
		<Style_Checkbox>false</Style_Checkbox>
		<Template>BDT_PanUp</Template>
	</Button>
	<Button item="MVW_PanDownButton">
		<ScreenID>MVW_PanDownButton</ScreenID>
		<AutoStretch>true</AutoStretch>
		<RelativePosition>true</RelativePosition>
		<LeftAnchorOffset>46</LeftAnchorOffset>
		<TopAnchorOffset>47</TopAnchorOffset>
		<RightAnchorOffset>26</RightAnchorOffset>
		<BottomAnchorOffset>67</BottomAnchorOffset>
		<LeftAnchorToLeft>false</LeftAnchorToLeft>
		<TopAnchorToTop>true</TopAnchorToTop>
		<RightAnchorToLeft>false</RightAnchorToLeft>
		<BottomAnchorToTop>true</BottomAnchorToTop>
		<Style_Transparent>false</Style_Transparent>
		<Style_Checkbox>false</Style_Checkbox>
		<Template>BDT_PanDown</Template>
	</Button>
	<!-- Zooming -->
	<Button item="MVW_ZoomInButton">
		<ScreenID>MVW_ZoomInButton</ScreenID>
		   <AutoStretch>true</AutoStretch>
		<RelativePosition>true</RelativePosition>
		<LeftAnchorOffset>66</LeftAnchorOffset>
		<TopAnchorOffset>69</TopAnchorOffset>
		<RightAnchorOffset>46</RightAnchorOffset>
		<BottomAnchorOffset>89</BottomAnchorOffset>
		<LeftAnchorToLeft>false</LeftAnchorToLeft>
		<TopAnchorToTop>true</TopAnchorToTop>
		<RightAnchorToLeft>false</RightAnchorToLeft>
		<BottomAnchorToTop>true</BottomAnchorToTop>
		<Style_VScroll>false</Style_VScroll>
		<Style_HScroll>false</Style_HScroll>
		<Style_Transparent>false</Style_Transparent>
		<Style_Checkbox>false</Style_Checkbox>
		<TooltipReference>Zoom In. (Or use Mouse Wheel)</TooltipReference>
		<Template>BDT_ZoomIn</Template>
	</Button>
	<Button item="MVW_ZoomOutButton">
		<ScreenID>MVW_ZoomOutButton</ScreenID>
	        <AutoStretch>true</AutoStretch>
		<RelativePosition>true</RelativePosition>
		<LeftAnchorOffset>26</LeftAnchorOffset>
		<TopAnchorOffset>69</TopAnchorOffset>
		<RightAnchorOffset>6</RightAnchorOffset>
		<BottomAnchorOffset>89</BottomAnchorOffset>
		<LeftAnchorToLeft>false</LeftAnchorToLeft>
		<TopAnchorToTop>true</TopAnchorToTop>
		<RightAnchorToLeft>false</RightAnchorToLeft>
		<BottomAnchorToTop>true</BottomAnchorToTop>
		<Style_VScroll>false</Style_VScroll>
		<Style_HScroll>false</Style_HScroll>
		<Style_Transparent>false</Style_Transparent>
		<Style_Checkbox>false</Style_Checkbox>
		<Text />
		<TextColor>
			<R>255</R>
			<G>255</G>
			<B>255</B>
		</TextColor>
		<TooltipReference>Zoom Out. (Or use Mouse Wheel)</TooltipReference>
		<Template>BDT_ZoomOut</Template>	 
	</Button>
	<!-- Map background -->
	<Screen item="MVW_MapRenderArea">
		<ScreenID>MVW_MapRenderArea</ScreenID>
		<DrawTemplate>WDT_RoundedNoTitle</DrawTemplate>
	        <RelativePosition>true</RelativePosition>
		<AutoStretch>true</AutoStretch>
		<TopAnchorOffset>22</TopAnchorOffset>
		<BottomAnchorOffset>22</BottomAnchorOffset>
		<LeftAnchorOffset>1</LeftAnchorOffset>
		<RightAnchorOffset>125</RightAnchorOffset>
		<BottomAnchorToTop>false</BottomAnchorToTop>
		<RightAnchorToLeft>false</RightAnchorToLeft>
		<Style_Border>true</Style_Border>
		<Style_Transparent>true</Style_Transparent>
	</Screen>
	<StaticAnimation item="MVW_MapPiece">
		<ScreenID>MapPiece</ScreenID>
		<RelativePosition>true</RelativePosition>
		<AutoStretch>true</AutoStretch>
		<TopAnchorOffset>18</TopAnchorOffset>
		<BottomAnchorOffset>22</BottomAnchorOffset>
		<LeftAnchorOffset>0</LeftAnchorOffset>
		<RightAnchorOffset>120</RightAnchorOffset>
		<BottomAnchorToTop>false</BottomAnchorToTop>
		<RightAnchorToLeft>false</RightAnchorToLeft>
		<Style_VScroll>false</Style_VScroll>
		<Style_HScroll>false</Style_HScroll>
		<Animation>A_MapPiece</Animation>
	</StaticAnimation>
  <!-- Background button (acts as both background and toggle button -->
	<Button item="Myx_Map_ChangeBackgroundButton">
		<ScreenID>Myx_Map_ChangeBackgroundButton</ScreenID>
		<RelativePosition>true</RelativePosition>
		<AutoStretch>true</AutoStretch>
		<TopAnchorOffset>22</TopAnchorOffset>
		<BottomAnchorOffset>2</BottomAnchorOffset>
		<LeftAnchorOffset>1</LeftAnchorOffset>
		<RightAnchorOffset>125</RightAnchorOffset>
		<BottomAnchorToTop>false</BottomAnchorToTop>
		<RightAnchorToLeft>false</RightAnchorToLeft>
		<Style_VScroll>false</Style_VScroll>
		<Style_HScroll>false</Style_HScroll>
		<Style_Transparent>false</Style_Transparent>
		<Style_Checkbox>true</Style_Checkbox>
		<TextColor>
			<R>255</R>
			<G>255</G>
			<B>255</B>
		</TextColor>
		<ButtonDrawTemplate>
			<Normal>Myx_Map_A_MapPiece_Dark</Normal>
			<Pressed>Myx_Map_A_MapPiece_Light</Pressed>
			<Flyby>Myx_Map_A_MapPiece_Dark_Flyover</Flyby>
			<Disabled>Myx_Map_A_MapPiece_Dark</Disabled>
			<PressedFlyby>Myx_Map_A_MapPiece_Light_Flyover</PressedFlyby>
		</ButtonDrawTemplate>
	</Button>
	<Button item="MVW_ToolbarButton">
		<ScreenID>MVW_ToolbarButton</ScreenID>
		<AutoStretch>true</AutoStretch>
		<RelativePosition>true</RelativePosition>
		<LeftAnchorOffset>46</LeftAnchorOffset>
		<TopAnchorOffset>69</TopAnchorOffset>
		<RightAnchorOffset>26</RightAnchorOffset>
		<BottomAnchorOffset>89</BottomAnchorOffset>
		<LeftAnchorToLeft>false</LeftAnchorToLeft>
		<TopAnchorToTop>true</TopAnchorToTop>
		<RightAnchorToLeft>false</RightAnchorToLeft>
		<BottomAnchorToTop>true</BottomAnchorToTop>
		<Style_Transparent>false</Style_Transparent>
		<Style_Checkbox>false</Style_Checkbox>
		<TextColor>
			<R>255</R>
			<G>255</G>
			<B>255</B>
		</TextColor>
		<ButtonDrawTemplate>
			<Normal>A_ToolbarButtonNormal</Normal>
			<Pressed>A_ToolbarButtonPressed</Pressed>
			<Flyby>A_ToolbarButtonFlyby</Flyby>
			<Disabled>A_ToolbarButtonNormal</Disabled>
			<PressedFlyby>A_ToolbarButtonPressedFlyby</PressedFlyby>
		</ButtonDrawTemplate>
		<TooltipReference>Pop up the Toolbar Window.</TooltipReference>
	</Button>
	<Label item="MVW_MinZLabel">
		<ScreenID>MVW_MinZLabel</ScreenID>
		<Font>2</Font>
		<Text>Low:</Text>
		<TextColor>
			<R>255</R>
			<G>255</G>
			<B>255</B>
		</TextColor>
		<AutoStretch>true</AutoStretch>
		<RelativePosition>true</RelativePosition>
		<LeftAnchorOffset>60</LeftAnchorOffset>
		<TopAnchorOffset>239</TopAnchorOffset>
		<RightAnchorOffset>30</RightAnchorOffset>
		<BottomAnchorOffset>255</BottomAnchorOffset>
		<LeftAnchorToLeft>false</LeftAnchorToLeft>
		<TopAnchorToTop>true</TopAnchorToTop>
		<RightAnchorToLeft>false</RightAnchorToLeft>
		<BottomAnchorToTop>true</BottomAnchorToTop>
		<Style_Transparent>false</Style_Transparent>
		<Style_Checkbox>false</Style_Checkbox>
	</Label>
	<Label item="MVW_MaxZLabel">
		<ScreenID>MVW_MaxZLabel</ScreenID>
		<Font>2</Font>
		<Text>High:</Text>
		<TextColor>
			<R>255</R>
			<G>255</G>
			<B>255</B>
		</TextColor>
	        <AutoStretch>true</AutoStretch>
		<RelativePosition>true</RelativePosition>
		<LeftAnchorOffset>60</LeftAnchorOffset>
		<TopAnchorOffset>275</TopAnchorOffset>
		<RightAnchorOffset>30</RightAnchorOffset>
		<BottomAnchorOffset>291</BottomAnchorOffset>
		<LeftAnchorToLeft>false</LeftAnchorToLeft>
		<TopAnchorToTop>true</TopAnchorToTop>
		<RightAnchorToLeft>false</RightAnchorToLeft>
		<BottomAnchorToTop>true</BottomAnchorToTop>
		<Style_Transparent>false</Style_Transparent>
		<Style_Checkbox>false</Style_Checkbox>
	</Label>
	<Editbox item="MVW_MinZEditBox">
		<ScreenID>MVW_MinZEditBox</ScreenID>
		<DrawTemplate>WDT_Inner</DrawTemplate>
		<AutoStretch>true</AutoStretch>
		<RelativePosition>true</RelativePosition>
		<LeftAnchorOffset>60</LeftAnchorOffset>
		<TopAnchorOffset>255</TopAnchorOffset>
		<RightAnchorOffset>7</RightAnchorOffset>
		<BottomAnchorOffset>275</BottomAnchorOffset>
		<LeftAnchorToLeft>false</LeftAnchorToLeft>
		<TopAnchorToTop>true</TopAnchorToTop>
		<RightAnchorToLeft>false</RightAnchorToLeft>
		<Style_Border>true</Style_Border>
		<TextColor>
			<R>255</R>
			<G>255</G>
			<B>255</B>
		</TextColor>
		<TooltipReference>How much below your current position to draw map lines.</TooltipReference>
	</Editbox>
	<Editbox item="MVW_MaxZEditBox">
		<ScreenID>MVW_MaxZEditBox</ScreenID>
		<DrawTemplate>WDT_Inner</DrawTemplate>
		<AutoStretch>true</AutoStretch>
		<RelativePosition>true</RelativePosition>
		<LeftAnchorOffset>60</LeftAnchorOffset>
		<TopAnchorOffset>291</TopAnchorOffset>
		<RightAnchorOffset>7</RightAnchorOffset>
		<BottomAnchorOffset>311</BottomAnchorOffset>
		<LeftAnchorToLeft>false</LeftAnchorToLeft>
		<TopAnchorToTop>true</TopAnchorToTop>
		<RightAnchorToLeft>false</RightAnchorToLeft>
		<Style_Border>true</Style_Border>
		<TextColor>
			<R>255</R>
			<G>255</G>
			<B>255</B>
		</TextColor>
		<TooltipReference>How much above your current position to draw map lines.</TooltipReference>
	</Editbox>
	
	<Screen item="MVW_MapToolBar">
		<ScreenID>MVW_MapToolBar</ScreenID>
		<RelativePosition>true</RelativePosition>
		<AutoStretch>true</AutoStretch>
		<TopAnchorToTop>true</TopAnchorToTop>
                <TopAnchorOffset>20</TopAnchorOffset>
		<BottomAnchorToTop>true</BottomAnchorToTop>
		<BottomAnchorOffset>470</BottomAnchorOffset>
		<LeftAnchorToLeft>false</LeftAnchorToLeft>
                <LeftAnchorOffset>65</LeftAnchorOffset>
		<RightAnchorToLeft>false</RightAnchorToLeft>
		<RightAnchorOffset>2</RightAnchorOffset>
		<Style_VScroll>false</Style_VScroll>
		<Style_HScroll>false</Style_HScroll>
		<Style_Transparent>true</Style_Transparent>
		<Pieces>MVW_PanLeftButton</Pieces>
		<Pieces>MVW_PanRightButton</Pieces>
		<Pieces>MVW_PanUpButton</Pieces>
		<Pieces>MVW_PanDownButton</Pieces>
		<Pieces>MVW_ZoomInButton</Pieces>
		<Pieces>MVW_ZoomOutButton</Pieces>
		<Pieces>MVW_ToolbarButton</Pieces>
		<Pieces>MVW_MinZLabel</Pieces>
		<Pieces>MVW_MaxZLabel</Pieces>
		<Pieces>MVW_MinZEditBox</Pieces>
		<Pieces>MVW_MaxZEditBox</Pieces>
		<Pieces>MVW_LayersLabel</Pieces>
		<Pieces>MVW_Layer1Button</Pieces>
		<Pieces>MVW_Layer2Button</Pieces>
		<Pieces>MVW_Layer3Button</Pieces>
		<Pieces>MVW_LayerVisibleLabel</Pieces>
		<Pieces>MVW_LayerActiveLabel</Pieces>
		<Pieces>MVW_Layer1ActiveButton</Pieces>
		<Pieces>MVW_Layer2ActiveButton</Pieces>
		<Pieces>MVW_Layer3ActiveButton</Pieces>
		<Pieces>MVW_ZFilterButton</Pieces>
		<Pieces>MVW_PanResetButton</Pieces>
		<Pieces>MVW_LabelsToggleButton</Pieces>
		<Pieces>MVW_Layer0Button</Pieces>
	</Screen>
	<Button item="MVW_SearchHideButton">
		<ScreenID>MVW_SearchHideButton</ScreenID>
		<RelativePosition>true</RelativePosition>
		<AutoStretch>true</AutoStretch>
		<TopAnchorOffset>32</TopAnchorOffset>
		<BottomAnchorOffset>52</BottomAnchorOffset>
		<LeftAnchorOffset>110</LeftAnchorOffset>
		<RightAnchorOffset>155</RightAnchorOffset>
		<Text>Hide</Text>
		<TextColor>
			<R>255</R>
			<G>255</G>
			<B>255</B>
		</TextColor>
		<TooltipReference>Hides the search list.</TooltipReference>
		<Template>BDT_Normal</Template>
	</Button> 
	<Listbox item="MVW_SearchList">
		<ScreenID>MVW_SearchList</ScreenID>
		<DrawTemplate>WDT_Inner</DrawTemplate>
		<RelativePosition>true</RelativePosition>
		<Size>
			<CX>200</CX>
			<CY>20</CY>
		</Size>
		<Columns>
			<Width>100</Width>
			<Heading>Matched Labels</Heading>
		</Columns>
		<Style_Border>true</Style_Border>
		<Style_VScroll>true</Style_VScroll>
		<Style_AutoVScroll>true</Style_AutoVScroll>
		<Stlye_Transparent>false</Stlye_Transparent>
	</Listbox>
	<Button item="MVW_Spacer">
    <ScreenID>MVW_Spacer</ScreenID>
		<RelativePosition>true</RelativePosition>
		<Size>
			<CX>200</CX>
			<CY>1</CY>
		</Size>
	</Button>
	<HorizontalLayoutBox item="MVW_SearchLayout">
		<ScreenID>MVW_SearchLayout</ScreenID>
		<DrawTemplate>WDT_Inner</DrawTemplate>
		<AutoStretch>true</AutoStretch>
		<TopAnchorOffset>30</TopAnchorOffset>
		<BottomAnchorOffset>10</BottomAnchorOffset>
		<LeftAnchorOffset>7</LeftAnchorOffset>
		<RightAnchorOffset>70</RightAnchorOffset>
		<BottomAnchorToTop>false</BottomAnchorToTop>
		<RightAnchorToLeft>false</RightAnchorToLeft>
		<Spacing>4</Spacing>
		<Style_Border>false</Style_Border>
		<Style_Transparent>true</Style_Transparent>
		<Pieces>MVW_SearchList</Pieces>
		<Pieces>MVW_Spacer</Pieces>
	</HorizontalLayoutBox> 
	<Page item ="MapPage">
		<ScreenID>MapPage</ScreenID>
		<RelativePosition>true</RelativePosition>
		<Style_VScroll>false</Style_VScroll>
		<Style_HScroll>false</Style_HScroll>
		<Style_Transparent>false</Style_Transparent>
		<DrawTemplate>WDT_Def</DrawTemplate>
		<TabText>Player</TabText>
		<TabTextColor>
			<R>255</R>
			<G>255</G>
			<B>255</B>
		</TabTextColor>
		<TabTextActiveColor>
			<R>255</R>
			<G>255</G>
			<B>0</B>
		</TabTextActiveColor>
		<Style_Sizable>true</Style_Sizable>
                <Pieces>Myx_Map_ChangeBackgroundButton</Pieces>
		<Pieces>MVW_MapPiece</Pieces>
		<Pieces>Screen:MVW_MapRenderArea</Pieces>
		<Pieces>MVW_MapIconButton</Pieces>
		<Pieces>MVW_MapsDirCombobox</Pieces>
		<Pieces>HorizontalLayoutBox:MVW_SearchLayout</Pieces>
		<Pieces>MVW_SearchHideButton</Pieces>
		<Pieces>MVW_MapZoneGuide</Pieces>
		<Pieces>Screen:MVW_MapToolBar</Pieces>
		<Pieces>Screen:MVW_MapSearchScreen</Pieces>
		<Pieces>Screen:MVW_MapCurrentZoneScreen</Pieces>
	</Page>		
	<Screen item="MVW_AtlasRenderArea">
		<ScreenID>MVW_AtlasRenderArea</ScreenID>
		<RelativePosition>true</RelativePosition>
		<AutoStretch>true</AutoStretch>
		<TopAnchorToTop>true</TopAnchorToTop>
		<TopAnchorOffset>30</TopAnchorOffset>
		<BottomAnchorToTop>false</BottomAnchorToTop>
		<LeftAnchorToLeft>true</LeftAnchorToLeft>
		<RightAnchorToLeft>false</RightAnchorToLeft>
		<Style_VScroll>false</Style_VScroll>
		<Style_HScroll>false</Style_HScroll>
		<Style_Transparent>true</Style_Transparent>
	</Screen>
	<Combobox item="MVW_AtlasDirCombobox">
		<ScreenID>MVW_AtlasDirCombobox</ScreenID>
		<DrawTemplate>WDT_Inner</DrawTemplate>
		<Location>
                        <X>0</X>
                        <Y>0</Y>
		</Location>
		<Size>
			<CX>150</CX>
			<CY>24</CY>
		</Size>
		<ListHeight>60</ListHeight>
		<Button>BDT_Combo</Button>
		<Style_Border>true</Style_Border>
	</Combobox>
	<Button item="MVW_AtlasZoneGuide">
		<ScreenID>MVW_AtlasZoneGuide</ScreenID>
		<AutoStretch>true</AutoStretch>
		<RelativePosition>true</RelativePosition>
		<LeftAnchorOffset>92</LeftAnchorOffset>
		<TopAnchorOffset>4</TopAnchorOffset>
		<RightAnchorOffset>2</RightAnchorOffset>
		<BottomAnchorOffset>26</BottomAnchorOffset>
		<LeftAnchorToLeft>false</LeftAnchorToLeft>
		<TopAnchorToTop>true</TopAnchorToTop>
		<RightAnchorToLeft>false</RightAnchorToLeft>
		<BottomAnchorToTop>true</BottomAnchorToTop>
		<Style_Transparent>false</Style_Transparent>
		<Style_Checkbox>false</Style_Checkbox>
		<Text>Zone Guide</Text>
		<TextColor>
			<R>255</R>
			<G>255</G>
			<B>255</B>
		</TextColor>
		<TooltipReference>Toggle the visibility of the Zone Guide.</TooltipReference>
		<Template>BDT_Normal</Template>
	</Button>	 
	<Page item ="AtlasPage">
		<ScreenID>AtlasPage</ScreenID>
		<RelativePosition>true</RelativePosition>
		<Style_VScroll>false</Style_VScroll>
		<Style_HScroll>false</Style_HScroll>
		<Style_Transparent>false</Style_Transparent>
		<DrawTemplate>WDT_Def</DrawTemplate>
		<TabText>Atlas</TabText>
		<TabTextColor>
			<R>255</R>
			<G>255</G>
			<B>255</B>
		</TabTextColor>
		<TabTextActiveColor>
			<R>255</R>
			<G>255</G>
			<B>0</B>
		</TabTextActiveColor>
		<Style_Sizable>true</Style_Sizable>
		<Pieces>Screen:MVW_AtlasRenderArea</Pieces>
		<Pieces>MVW_AtlasDirCombobox</Pieces>
		<Pieces>MVW_AtlasZoneGuide</Pieces>
	</Page>
	<TabBox item ="MVW_Subwindows">
		<ScreenID>MVW_Subwindows</ScreenID>
		<RelativePosition>true</RelativePosition>
		<AutoStretch>true</AutoStretch>
		<TopAnchorToTop>true</TopAnchorToTop>
		<BottomAnchorToTop>false</BottomAnchorToTop>
		<LeftAnchorToLeft>true</LeftAnchorToLeft>
		<RightAnchorToLeft>false</RightAnchorToLeft>
		<TabBorderTemplate>FT_DefTabBorder</TabBorderTemplate>
		<PageBorderTemplate>FT_DefPageBorder</PageBorderTemplate>
		<Pages>Page:MapPage</Pages>			 
		<Pages>Page:AtlasPage</Pages>
	</TabBox>
	<Screen item="MapViewWnd">
		<RelativePosition>false</RelativePosition>
		<Location>
			<X>100</X>
                        <Y>0</Y>
		</Location>
		<Size>
                        <CX>490</CX>
                        <CY>360</CY>
		</Size>
		<NoWrap>false</NoWrap>
		<TooltipReference>Map Viewer</TooltipReference>
		<DrawTemplate>WDT_Rounded</DrawTemplate>
                <Style_ClientMovable>true</Style_ClientMovable>
                <Style_Titlebar>true</Style_Titlebar>
                <Style_Closebox>true</Style_Closebox>
                <Style_Minimizebox>false</Style_Minimizebox>
		<Style_Border>true</Style_Border>
		<Style_Sizable>true</Style_Sizable>
		<Text>Map</Text>
		<Pieces>MVW_Subwindows</Pieces>
	</Screen>
	<Screen item="MapViewMap"/>
</XML>
