<?xml version = "1.0"?>
<XML ID = "EQInterfaceDefinitionLanguage">
	<Schema xmlns = "EverQuestData" xmlns:dt = "EverQuestDataTypes"/>

<Gauge item = "Target_HP">
 		<ScreenID>TargetHP</ScreenID>
 		<Font>3</Font>
 		<TextColor>
 			<R>240</R>
 			<G>240</G>
 			<B>240</B>
 		</TextColor>
 		<RelativePosition>true</RelativePosition>
 		<Location>
 			<X>3</X>
 			<Y>0</Y>
 		</Location>
 		<Size>
 			<CX>108</CX>
 			<CY>24</CY>
 		</Size>
 		<GaugeOffsetY>16</GaugeOffsetY>
 		<TextOffsetX>8</TextOffsetX>
 		<Style_VScroll>false</Style_VScroll>
 		<Style_HScroll>false</Style_HScroll>
 		<Style_Transparent>false</Style_Transparent>
 		<TooltipReference/>
 		<FillTint>
 			<R>240</R>
 			<G>0</G>
 			<B>0</B>
 		</FillTint>
 		<LinesFillTint>
   			<R>240</R>
    			<G>105</G>
    			<B>85</B>
  		</LinesFillTint>
 		<DrawLinesFill>true</DrawLinesFill>
 		<EQType>6</EQType>
 		<GaugeDrawTemplate>
 			<Background>A_GaugeBackground</Background>
 			<Fill>A_GaugeFill</Fill>
 			<Lines>A_GaugeLines</Lines>
 			<LinesFill>A_GaugeLinesFill</LinesFill>
 			<EndCapLeft>A_GaugeEndCapLeft</EndCapLeft>
 			<EndCapRight>A_GaugeEndCapRight</EndCapRight>
 		</GaugeDrawTemplate>
 	</Gauge>
  	<Label item ="Target_Percent">
 		<ScreenID>TargetPercentage</ScreenID>
 		<EQType>29</EQType>
 		<!--<Font>3</Font>-->
 		<RelativePosition>true</RelativePosition>
 		<Location>
 			<X>100</X>
 			<Y>10</Y>
 		</Location>
 		<Size>
 			<CX>35</CX>
 			<CY>14</CY>
 		</Size>
 		<Text>0</Text>
 		<TextColor>
 				<R>255</R>
 				<G>255</G>
 				<B>0</B>
 		</TextColor>
 		<NoWrap>true</NoWrap>
 		<AlignCenter>false</AlignCenter>
 		<AlignRight>true</AlignRight>
 		<AlignLeft>false</AlignLeft>
 	</Label>
  	<Label item ="Target_PercentFig">
 		<!--<Font>3</Font>-->
 		<RelativePosition>true</RelativePosition>
 		<Location>
 			<X>110</X>
 			<Y>10</Y>
 		</Location>
 		<Size>
 			<CX>35</CX>
 			<CY>14</CY>
 		</Size>
 		<Text>%</Text>
 		<TextColor>
 				<R>255</R>
 				<G>255</G>
 				<B>0</B>
 		</TextColor>
 		<NoWrap>true</NoWrap>
 		<AlignCenter>false</AlignCenter>
 		<AlignRight>true</AlignRight>
 		<AlignLeft>false</AlignLeft>
 	</Label>	



	<TextureInfo item = "AttackIndicator.tga">
		<Size>
			<CX>128</CX>
			<CY>32</CY>
		</Size>
	</TextureInfo>
	<Ui2DAnimation item="A_AttackIndicatorTop">
		<Cycle>false</Cycle>
		<Frames>
			<Texture>AttackIndicator.tga</Texture>
			<Location>
				<X>0</X>
				<Y>0</Y>
			</Location>
			<Size>
				<CX>112</CX>
				<CY>2</CY>
			</Size>
		</Frames>
	</Ui2DAnimation>
	<Ui2DAnimation item="A_AttackIndicatorBottom">
		<Cycle>false</Cycle>
		<Frames>
			<Texture>AttackIndicator.tga</Texture>
			<Location>
				<X>0</X>
				<Y>29</Y>
			</Location>
			<Size>
				<CX>112</CX>
				<CY>3</CY>
			</Size>
		</Frames>
	</Ui2DAnimation>
	<Ui2DAnimation item="A_AttackIndicatorLeft">
		<Cycle>false</Cycle>
		<Frames>
			<Texture>AttackIndicator.tga</Texture>
			<Location>
				<X>0</X>
				<Y>2</Y>
			</Location>
			<Size>
				<CX>3</CX>
				<CY>27</CY>
			</Size>
		</Frames>
	</Ui2DAnimation>
	<Ui2DAnimation item="A_AttackIndicatorRight">
		<Cycle>false</Cycle>
		<Frames>
			<Texture>AttackIndicator.tga</Texture>
			<Location>
				<X>111</X>
				<Y>3</Y>
			</Location>
			<Size>
				<CX>1</CX>
				<CY>26</CY>
			</Size>
		</Frames>
	</Ui2DAnimation>
	<Ui2DAnimation item="A_AttackIndicatorFill">
		<Cycle>false</Cycle>
		<Frames>
			<Texture>AttackIndicator.tga</Texture>
			<Location>
				<X>4</X>
				<Y>4</Y>
			</Location>
			<Size>
				<CX>104</CX>
				<CY>24</CY>
			</Size>
		</Frames>
	</Ui2DAnimation>

	<Ui2DAnimation item = "A_AttackIndicator">
		<Cycle>false</Cycle>
		<Frames>
			<Texture>AttackIndicator.tga</Texture>
			<Location>
				<X>6</X>
				<Y>2</Y>
			</Location>
			<Size>
				<CX>116</CX>
				<CY>28</CY>
			</Size>
		</Frames>
		</Ui2DAnimation>
		<!--	<Ui2DAnimation item="A_AttackIndicatorFill">
		<Cycle>false</Cycle>
		<Frames>
			<Texture>AttackIndicator.tga</Texture>
			<Location>
				<X>4</X>
				<Y>4</Y>
			</Location>
			<Size>
				<CX>104</CX>
				<CY>24</CY>
			</Size>
		</Frames>
	</Ui2DAnimation> -->
	<StaticAnimation item="A_AttackIndicatorAnimTop">
		<ScreenID>A_AttackIndicatorAnimTop</ScreenID>
		<Animation>A_AttackIndicatorTop</Animation>
		<AutoDraw>false</AutoDraw>
		<AutoStretch>true</AutoStretch>
		<TopAnchorOffset>0</TopAnchorOffset>
		<BottomAnchorOffset>3</BottomAnchorOffset>
		<LeftAnchorOffset>0</LeftAnchorOffset>
		<RightAnchorOffset>0</RightAnchorOffset>
		<TopAnchorToTop>true</TopAnchorToTop>
		<BottomAnchorToTop>true</BottomAnchorToTop>
		<LeftAnchorToLeft>true</LeftAnchorToLeft>
		<RightAnchorToLeft>false</RightAnchorToLeft>
	</StaticAnimation>
	<StaticAnimation item="A_AttackIndicatorAnimBottom">
		<ScreenID>A_AttackIndicatorAnimBottom</ScreenID>
		<Animation>A_AttackIndicatorBottom</Animation>
		<AutoDraw>false</AutoDraw>
		<AutoStretch>true</AutoStretch>
		<TopAnchorOffset>28</TopAnchorOffset>
		<BottomAnchorOffset>32</BottomAnchorOffset>
		<LeftAnchorOffset>0</LeftAnchorOffset>
		<RightAnchorOffset>0</RightAnchorOffset>
		<TopAnchorToTop>true</TopAnchorToTop>
		<BottomAnchorToTop>true</BottomAnchorToTop>
		<LeftAnchorToLeft>true</LeftAnchorToLeft>
		<RightAnchorToLeft>false</RightAnchorToLeft>
	</StaticAnimation>
	<StaticAnimation item="A_AttackIndicatorAnimLeft">
		<ScreenID>A_AttackIndicatorAnimLeft</ScreenID>
		<Animation>A_AttackIndicatorLeft</Animation>
		<AutoDraw>false</AutoDraw>
		<AutoStretch>true</AutoStretch>
		<TopAnchorOffset>3</TopAnchorOffset>
		<BottomAnchorOffset>28</BottomAnchorOffset>
		<LeftAnchorOffset>0</LeftAnchorOffset>
		<RightAnchorOffset>4</RightAnchorOffset>		
		<TopAnchorToTop>true</TopAnchorToTop>
		<BottomAnchorToTop>true</BottomAnchorToTop>
		<LeftAnchorToLeft>true</LeftAnchorToLeft>
		<RightAnchorToLeft>true</RightAnchorToLeft>
	</StaticAnimation>
	<StaticAnimation item="A_AttackIndicatorAnimRight">
		<ScreenID>A_AttackIndicatorAnimRight</ScreenID>
		<Animation>A_AttackIndicatorRight</Animation>
		<AutoDraw>false</AutoDraw>
		<AutoStretch>true</AutoStretch>
		<TopAnchorOffset>3</TopAnchorOffset>
		<BottomAnchorOffset>28</BottomAnchorOffset>
		<LeftAnchorOffset>4</LeftAnchorOffset>
		<RightAnchorOffset>0</RightAnchorOffset>
		<TopAnchorToTop>true</TopAnchorToTop>
		<BottomAnchorToTop>true</BottomAnchorToTop>
		<LeftAnchorToLeft>false</LeftAnchorToLeft>
		<RightAnchorToLeft>false</RightAnchorToLeft>
	</StaticAnimation>
	<StaticAnimation item="A_AttackIndicatorAnimFill">
		<ScreenID>A_AttackIndicatorAnimFill</ScreenID>
		<Animation>A_AttackIndicatorFill</Animation>
		<AutoDraw>false</AutoDraw>
		<AutoStretch>true</AutoStretch>
		<LeftAnchorOffset>4</LeftAnchorOffset>
		<TopAnchorOffset>3</TopAnchorOffset>
		<RightAnchorOffset>5</RightAnchorOffset>
		<BottomAnchorOffset>28</BottomAnchorOffset>
		<BottomAnchorToTop>true</BottomAnchorToTop>
		<RightAnchorToLeft>false</RightAnchorToLeft>
	</StaticAnimation>

	<StaticAnimation item = "A_AttackIndicatorAnim">
		<ScreenID>A_AttackIndicatorAnim</ScreenID>
		<Animation>A_AttackIndicator</Animation>
	</StaticAnimation>


	<Gauge item = "Player_HP2">
		<ScreenID>PlayerHP</ScreenID>
		<!--<Font>3</Font>-->
		<TextColor>
			<R>240</R>
			<G>240</G>
			<B>240</B>
		</TextColor>
		<RelativePosition>true</RelativePosition>
		<Location>
			<X>3</X>
			<Y>50</Y>
		</Location>
		<Size>
			<CX>108</CX>
			<CY>41</CY>
		</Size>
		<TextOffsetX>8</TextOffsetX>
		<GaugeOffsetY>33</GaugeOffsetY>
		<Style_VScroll>false</Style_VScroll>
		<Style_HScroll>false</Style_HScroll>
		<Style_Transparent>false</Style_Transparent>
		<!--<TooltipReference/>-->
		<FillTint>
				<R>240</R>
				<G>0</G>
				<B>0</B>
		</FillTint>
		<LinesFillTint>
				<R>220</R>
				<G>220</G>
				<B>0</B>
		</LinesFillTint>
		<DrawLinesFill>false</DrawLinesFill>
		<EQType>1</EQType>
		<GaugeDrawTemplate>
			<Background>A_GaugeBackground</Background>
			<Fill>A_GaugeFill</Fill>
			<Lines>A_GaugeLines</Lines>
			<LinesFill>A_GaugeLinesFill</LinesFill>
			<EndCapLeft>A_GaugeEndCapLeft</EndCapLeft>
			<EndCapRight>A_GaugeEndCapRight</EndCapRight>
		</GaugeDrawTemplate>
	</Gauge>

	<Label item ="Player_HPLabel2">
		<ScreenID>HPLabel</ScreenID>
		<EQType>19</EQType>
		<RelativePosition>true</RelativePosition>
		<Location>
			<X>3</X>
			<Y>49</Y>
		</Location>
		<Size>
			<CX>60</CX>
			<CY>12</CY>
		</Size>
		<Text>Playername123456</Text>
		<TextColor>
				<R>255</R>
				<G>255</G>
				<B>255</B>
		</TextColor>
		<NoWrap>true</NoWrap>
		<AlignCenter>false</AlignCenter>
		<AlignRight>true</AlignRight>
	</Label>

	<Label item ="Player_HPPercLabel2">
		<ScreenID>HPPerLabel</ScreenID>
		<RelativePosition>true</RelativePosition>
		<Location>
			<X>84</X>
			<Y>29</Y>
		</Location>
		<Size>
			<CX>16</CX>
			<CY>12</CY>
		</Size>
		<Text>%</Text>
		<TextColor>
				<R>255</R>
				<G>255</G>
				<B>255</B>
		</TextColor>
		<NoWrap>true</NoWrap>
		<AlignCenter>false</AlignCenter>
		<AlignRight>false</AlignRight>
	</Label>

	<Gauge item = "Pet_HP2">
		<ScreenID>PetHP</ScreenID>
		<!--<Font>3</Font>-->
		<TextColor>
			<R>0</R>
			<G>0</G>
			<B>0</B>
		</TextColor>
		<RelativePosition>true</RelativePosition>
		<Location>
			<X>7</X>
			<Y>39</Y>
		</Location>
		<Size>
			<CX>108</CX>
			<CY>2</CY>
		</Size>
		<TextOffsetY>-50</TextOffsetY>
		<GaugeOffsetY>-2</GaugeOffsetY>
		<Style_VScroll>false</Style_VScroll>
		<Style_HScroll>false</Style_HScroll>
		<Style_Transparent>false</Style_Transparent>
		<!--<TooltipReference/>-->
		<FillTint>

				<R>51</R>
				<G>192</G>
				<B>51</B>
		</FillTint>
		<LinesFillTint>
				<R>0</R>
				<G>0</G>
				<B>0</B>
		</LinesFillTint>
		<DrawLinesFill>false</DrawLinesFill>
		<EQType>16</EQType>
		<GaugeDrawTemplate>
			<Background>A_GaugeBackground</Background>
			<Fill>A_GaugeFill</Fill>
			<!--<Lines>A_GaugeLines</Lines>-->
			<LinesFill>A_GaugeLinesFill</LinesFill>
			<!--<EndCapLeft>A_GaugeEndCapLeft</EndCapLeft>-->
			<!--<EndCapRight>A_GaugeEndCapRight</EndCapRight>-->
		</GaugeDrawTemplate>
	</Gauge>


	<Gauge item = "Player_Mana2">
		<ScreenID>PlayerMana</ScreenID>
		<!--<Font>3</Font>-->
		<RelativePosition>true</RelativePosition>
		<Location>
			<X>3</X>
			<Y>46</Y>
		</Location>
		<Size>
			<CX>108</CX>
			<CY>8</CY>
		</Size>
		<GaugeOffsetY>0</GaugeOffsetY>
		<Style_VScroll>false</Style_VScroll>
		<Style_HScroll>false</Style_HScroll>
		<Style_Transparent>false</Style_Transparent>
		<!--<TooltipReference/>-->
		<FillTint>
				<R>0</R>
				<G>0</G>
				<B>240</B>
		</FillTint>
		<LinesFillTint>
				<R>0</R>
				<G>220</G>
				<B>220</B>
		</LinesFillTint>
		<DrawLinesFill>false</DrawLinesFill>
		<EQType>2</EQType>
		<GaugeDrawTemplate>
			<Background>A_GaugeBackground</Background>
			<Fill>A_GaugeFill</Fill>
			<Lines>A_GaugeLines</Lines>
			<LinesFill>A_GaugeLinesFill</LinesFill>
			<EndCapLeft>A_GaugeEndCapLeft</EndCapLeft>
			<EndCapRight>A_GaugeEndCapRight</EndCapRight>
		</GaugeDrawTemplate>
	</Gauge>

	<Gauge item = "Player_Fatigue2">
		<ScreenID>PlayerFatigue</ScreenID>
		<!--<Font>3</Font>-->
		<RelativePosition>true</RelativePosition>
		<Location>
			<X>3</X>
			<Y>59</Y>
		</Location>
		<Size>
			<CX>108</CX>
			<CY>8</CY>
		</Size>
		<GaugeOffsetY>0</GaugeOffsetY>
		<Style_VScroll>false</Style_VScroll>
		<Style_HScroll>false</Style_HScroll>
		<Style_Transparent>false</Style_Transparent>
		<!--<TooltipReference/>-->
		<FillTint>
				<R>240</R>
				<G>240</G>
				<B>0</B>
		</FillTint>
		<LinesFillTint>
				<R>0</R>
				<G>220</G>
				<B>0</B>
		</LinesFillTint>
		<DrawLinesFill>false</DrawLinesFill>
		<EQType>3</EQType>
		<GaugeDrawTemplate>
			<Background>A_GaugeBackground</Background>
			<Fill>A_GaugeFill</Fill>
			<Lines>A_GaugeLines</Lines>
			<LinesFill>A_GaugeLinesFill</LinesFill>
			<EndCapLeft>A_GaugeEndCapLeft</EndCapLeft>
			<EndCapRight>A_GaugeEndCapRight</EndCapRight>
		</GaugeDrawTemplate>
	</Gauge>

	<Screen item = "PlayerWindow">
		<!--<ScreenID/>-->
		<RelativePosition>false</RelativePosition>
		<Location>
			<X>516</X>
			<Y>0</Y>
		</Location>
		<Size>
			<CX>194</CX>
			<CY>35</CY>
		</Size>
		<Text>Player</Text>
		<Style_VScroll>false</Style_VScroll>
		<Style_HScroll>false</Style_HScroll>
		<Style_Transparent>false</Style_Transparent>
		<DrawTemplate>WDT_RoundedNoTitle</DrawTemplate>
		<Style_Titlebar>false</Style_Titlebar>
		<Style_Closebox>false</Style_Closebox>
		<Style_Minimizebox>false</Style_Minimizebox>
		<Style_Border>true</Style_Border>
		<Style_Sizable>false</Style_Sizable>
		<Pieces>Player_HP2</Pieces>
		<Pieces>Player_Mana2</Pieces>
		<Pieces>Player_Fatigue2</Pieces>
		<Pieces>Pet_HP2</Pieces>
		<Pieces>Player_HPLabel2</Pieces>
		<Pieces>Player_HPPercLabel2</Pieces>
		<!--		<Pieces>A_AttackIndicatorAnim</Pieces> -->
		<Pieces>A_AttackIndicatorAnimTop</Pieces>
		<Pieces>A_AttackIndicatorAnimBottom</Pieces>
		<Pieces>A_AttackIndicatorAnimLeft</Pieces>
		<Pieces>A_AttackIndicatorAnimRight</Pieces>
		<Pieces>A_AttackIndicatorAnimFill</Pieces>
 		<Pieces>Target_HP</Pieces>
 		<Pieces>Target_Percent</Pieces>
 		<Pieces>Target_PercentFig</Pieces>
	</Screen>

</XML>
