<?xml version="1.0" encoding="us-ascii"?>
<XML ID="EQInterfaceDefinitionLanguage">
	<Schema xmlns="EverQuestData" xmlns:dt="EverQuestDataTypes" />
<!-- PLAYER WINDOW -->

	<Gauge item = "Player_HP">
		<ScreenID>PlayerHP</ScreenID>
		<TextColor>
			<R>240</R>
			<G>240</G>
			<B>240</B>
		</TextColor>
		<RelativePosition>true</RelativePosition>
		<Location>
			<X>3</X>
			<Y>0</Y>
		</Location>
		<Size>
			<CX>108</CX>
			<CY>41</CY>
		</Size>
		<TextOffsetX>3</TextOffsetX>
		<GaugeOffsetY>33</GaugeOffsetY>
		<Style_VScroll>false</Style_VScroll>
		<Style_HScroll>false</Style_HScroll>
				<Style_Transparent>false</Style_Transparent>
		<!--<TooltipReference/>-->
		<FillTint>
				<R>240</R>
				<G>0</G>
				<B>0</B>
		</FillTint>
		<LinesFillTint>
				<R>240</R>
				<G>105</G>
				<B>85</B>
		</LinesFillTint>
		<DrawLinesFill>true</DrawLinesFill>
		<EQType>1</EQType>
		<GaugeDrawTemplate>
			<Background>A_GaugeBackground</Background>
			<Fill>A_GaugeFill</Fill>
			<Lines>A_GaugeLines</Lines>
			<LinesFill>A_GaugeLinesFill</LinesFill>
			<EndCapLeft>A_GaugeEndCapLeft</EndCapLeft>
			<EndCapRight>A_GaugeEndCapRight</EndCapRight>
		</GaugeDrawTemplate>
        </Gauge>

	<Gauge item = "Pet_HP">
		<ScreenID>PetHP</ScreenID>
		<!--<Font>3</Font>-->
		<TextColor>
			<R>0</R>
			<G>0</G>
			<B>0</B>
		</TextColor>
		<RelativePosition>true</RelativePosition>
		<Location>
			<X>7</X>
			<Y>39</Y>
		</Location>
		<Size>
			<CX>108</CX>
			<CY>2</CY>
		</Size>
		<TextOffsetY>-50</TextOffsetY>
		<GaugeOffsetY>-2</GaugeOffsetY>
		<Style_VScroll>false</Style_VScroll>
		<Style_HScroll>false</Style_HScroll>
		<Style_Transparent>false</Style_Transparent>
		<!--<TooltipReference/>-->
		<FillTint>

				<R>51</R>
				<G>192</G>
				<B>51</B>
		</FillTint>
		<LinesFillTint>
				<R>0</R>
				<G>0</G>
				<B>0</B>
		</LinesFillTint>
		<DrawLinesFill>false</DrawLinesFill>
		<EQType>16</EQType>
		<GaugeDrawTemplate>
			<Background>A_GaugeBackground</Background>
			<Fill>A_GaugeFill</Fill>
			<!--<Lines>A_GaugeLines</Lines>-->
			<LinesFill>A_GaugeLinesFill</LinesFill>
			<!--<EndCapLeft>A_GaugeEndCapLeft</EndCapLeft>-->
			<!--<EndCapRight>A_GaugeEndCapRight</EndCapRight>-->
		</GaugeDrawTemplate>
	</Gauge>

	<Gauge item = "Player_Mana">
		<ScreenID>PlayerMana</ScreenID>
		<!--<Font>3</Font>-->
		<RelativePosition>true</RelativePosition>
		<Location>
			<X>3</X>
			<Y>46</Y>
		</Location>
		<Size>
			<CX>108</CX>
			<CY>8</CY>
		</Size>
		<GaugeOffsetY>0</GaugeOffsetY>
		<Style_VScroll>false</Style_VScroll>
		<Style_HScroll>false</Style_HScroll>
		<Style_Transparent>false</Style_Transparent>
		<!--<TooltipReference/>-->
		<FillTint>
				<R>0</R>
				<G>0</G>
				<B>240</B>
		</FillTint>
		<LinesFillTint>
				<R>0</R>
				<G>125</G>
				<B>200</B>
		</LinesFillTint>
		<DrawLinesFill>true</DrawLinesFill>
		<EQType>2</EQType>
		<GaugeDrawTemplate>
			<Background>A_GaugeBackground</Background>
			<Fill>A_GaugeFill</Fill>
			<Lines>A_GaugeLines</Lines>
			<LinesFill>A_GaugeLinesFill</LinesFill>
			<EndCapLeft>A_GaugeEndCapLeft</EndCapLeft>
			<EndCapRight>A_GaugeEndCapRight</EndCapRight>
		</GaugeDrawTemplate>
	</Gauge>

	<Gauge item = "Player_Fatigue">
		<ScreenID>PlayerFatigue</ScreenID>
		<!--<Font>3</Font>-->
		<RelativePosition>true</RelativePosition>
		<Location>
			<X>3</X>
			<Y>59</Y>
		</Location>
		<Size>
			<CX>108</CX>
			<CY>8</CY>
		</Size>
		<GaugeOffsetY>0</GaugeOffsetY>
		<Style_VScroll>false</Style_VScroll>
		<Style_HScroll>false</Style_HScroll>
		<Style_Transparent>false</Style_Transparent>
		<!--<TooltipReference/>-->
		<FillTint>
				<R>240</R>
				<G>240</G>
				<B>0</B>
		</FillTint>
		<LinesFillTint>
				<R>240</R>
				<G>127</G>
				<B>0</B>
		</LinesFillTint>
		<DrawLinesFill>true</DrawLinesFill>
		<EQType>3</EQType>
		<GaugeDrawTemplate>
			<Background>A_GaugeBackground</Background>
			<Fill>A_GaugeFill</Fill>
			<Lines>A_GaugeLines</Lines>
			<LinesFill>A_GaugeLinesFill</LinesFill>
			<EndCapLeft>A_GaugeEndCapLeft</EndCapLeft>
			<EndCapRight>A_GaugeEndCapRight</EndCapRight>
		</GaugeDrawTemplate>
	</Gauge>
	<Gauge item = "Player_ExpGauge">
		<ScreenID>PlayerExp</ScreenID>
		<!--<Font>3</Font>-->
		<RelativePosition>true</RelativePosition>
		<Location>
			<X>3</X>
			<Y>72</Y>
		</Location>
		<Size>
			<CX>108</CX>
			<CY>8</CY>
		</Size>
		<GaugeOffsetY>0</GaugeOffsetY>
		<Style_VScroll>false</Style_VScroll>
		<Style_HScroll>false</Style_HScroll>
		<Style_Transparent>false</Style_Transparent>
		<!--<TooltipReference/>-->
		<FillTint>
				<R>220</R>
				<G>150</G>
				<B>0</B>
		</FillTint>
		<LinesFillTint>
				<R>0</R>
				<G>80</G>
				<B>220</B>
		</LinesFillTint>
		<DrawLinesFill>true</DrawLinesFill>
		<EQType>4</EQType>
		<GaugeDrawTemplate>
			<Background>A_GaugeBackground</Background>
			<Fill>A_GaugeFill</Fill>
			<Lines>A_GaugeLines</Lines>
			<LinesFill>A_GaugeLinesFill</LinesFill>
			<EndCapLeft>A_GaugeEndCapLeft</EndCapLeft>
			<EndCapRight>A_GaugeEndCapRight</EndCapRight>
		</GaugeDrawTemplate>
	</Gauge>

	<Gauge item = "Player_AAXP">
		<ScreenID>PlayerAAXP</ScreenID>
		<!--<Font>3</Font>-->
		<RelativePosition>true</RelativePosition>
		<Location>
			<X>3</X>
			<Y>85</Y>
		</Location>
		<Size>
			<CX>108</CX>
			<CY>8</CY>
		</Size>
		<GaugeOffsetY>0</GaugeOffsetY>
		<Style_VScroll>false</Style_VScroll>
		<Style_HScroll>false</Style_HScroll>
		<Style_Transparent>false</Style_Transparent>
		<!--<TooltipReference/>-->
		<FillTint>
				<R>220</R>
				<G>150</G>
				<B>0</B>
		</FillTint>
		<LinesFillTint>
				<R>0</R>
				<G>80</G>
				<B>220</B>
		</LinesFillTint>
		<DrawLinesFill>true</DrawLinesFill>
		<EQType>5</EQType>
		<GaugeDrawTemplate>
			<Background>A_GaugeBackground</Background>
			<Fill>A_GaugeFill</Fill>
			<Lines>A_GaugeLines</Lines>
			<LinesFill>A_GaugeLinesFill</LinesFill>
			<EndCapLeft>A_GaugeEndCapLeft</EndCapLeft>
			<EndCapRight>A_GaugeEndCapRight</EndCapRight>
		</GaugeDrawTemplate>
	</Gauge>

	<Gauge item="Player_CombatTimer">
		<ScreenID>Player_CombatTimer</ScreenID>
		<RelativePosition>true</RelativePosition>
		<Location>
			<X>3</X>
			<Y>98</Y>
		</Location>
		<Size>
			<CX>108</CX>
			<CY>8</CY>
		</Size>
		<GaugeOffsetY>0</GaugeOffsetY>
		<FillTint>
			<R>169</R>
			<G>169</G>
			<B>169</B>
		</FillTint>
		<EQType>29</EQType>
		<GaugeDrawTemplate>
			<Background>A_GaugeBackground</Background>
			<Fill>A_GaugeFill</Fill>
			<Lines>A_GaugeLines</Lines>
			<EndCapLeft>A_GaugeEndCapLeft</EndCapLeft>
			<EndCapRight>A_GaugeEndCapRight</EndCapRight>
		</GaugeDrawTemplate>
	</Gauge>

	<Label item ="Player_HPNumber">
		<ScreenID>PlayerHPNumber</ScreenID>
		<EQType>17</EQType>
		<RelativePosition>true</RelativePosition>
		<Location>
			<X>50</X>
			<Y>0</Y>
		</Location>
		<Size>
			<CX>45</CX>
			<CY>14</CY>
		</Size>
		<TextColor>
				<R>0</R>
				<G>255</G>
				<B>0</B>
		</TextColor>
		<NoWrap>true</NoWrap>
		<AlignCenter>false</AlignCenter>
		<AlignRight>true</AlignRight>
		<AlignLeft>false</AlignLeft>
	</Label>

	<Label item ="Player_HPDivider">
		<RelativePosition>true</RelativePosition>
		<Location>
			<X>103</X>
			<Y>0</Y>
		</Location>
		<Size>
			<CX>32</CX>
			<CY>14</CY>
		</Size>
		<Text>/</Text>
		<TextColor>
				<R>255</R>
				<G>255</G>
				<B>255</B>
		</TextColor>
		<NoWrap>true</NoWrap>
		<AlignCenter>false</AlignCenter>
		<AlignRight>false</AlignRight>
		<AlignLeft>true</AlignLeft>
	</Label>
	<Label item ="Player_HPMax">
		<ScreenID>PlayerMaxHP</ScreenID>
		<EQType>18</EQType>
		<RelativePosition>true</RelativePosition>
		<Location>
			<X>110</X>
			<Y>0</Y>
		</Location>
		<Size>
			<CX>45</CX>
			<CY>14</CY>
		</Size>
		<Text></Text>
		<TextColor>
				<R>255</R>
				<G>255</G>
				<B>255</B>
		</TextColor>
		<NoWrap>true</NoWrap>
		<AlignCenter>false</AlignCenter>
		<AlignRight>true</AlignRight>
		<AlignLeft>false</AlignLeft>
	</Label>

	<Label item ="Player_ManaNumber">
		<ScreenID>ManaNumberLabel</ScreenID>
		<EQType>124</EQType>
		<RelativePosition>true</RelativePosition>
		<Location>
			<X>70</X>
			<Y>14</Y>
		</Location>
		<Size>
			<CX>35</CX>
			<CY>14</CY>
		</Size>
		<Text></Text>
		<TextColor>
			<R>0</R>
			<G>255</G>
			<B>0</B>
		</TextColor>
		<NoWrap>true</NoWrap>
		<AlignCenter>false</AlignCenter>
		<AlignRight>true</AlignRight>
		<AlignLeft>false</AlignLeft>
	</Label>
	<Label item ="Player_ManaDivider">
		<RelativePosition>true</RelativePosition>
		<Location>
			<X>107</X>
			<Y>14</Y>
		</Location>
		<Size>
			<CX>32</CX>
			<CY>14</CY>
		</Size>
		<Text>/</Text>
		<TextColor>
				<R>255</R>
				<G>255</G>
				<B>255</B>
		</TextColor>
		<NoWrap>true</NoWrap>
		<AlignCenter>false</AlignCenter>
		<AlignRight>false</AlignRight>
		<AlignLeft>true</AlignLeft>
	</Label>
	<Label item ="Player_ManaMax">
		<ScreenID>PlayerMaxMana</ScreenID>
		<EQType>125</EQType>
		<RelativePosition>true</RelativePosition>
		<Location>
			<X>113</X>
			<Y>14</Y>
		</Location>
		<Size>
			<CX>35</CX>
			<CY>14</CY>
		</Size>
		<Text></Text>
		<TextColor>
				<R>255</R>
				<G>255</G>
				<B>255</B>
		</TextColor>
		<NoWrap>true</NoWrap>
		<AlignCenter>false</AlignCenter>
		<AlignRight>false</AlignRight>
		<AlignLeft>true</AlignLeft>
	</Label>

	<Label item ="Player_HPLabel">
		<ScreenID>HPLabel</ScreenID>
		<EQType>19</EQType>
		<RelativePosition>true</RelativePosition>
		<Location>
			<X>100</X>
			<Y>29</Y>
		</Location>
		<Size>
			<CX>35</CX>
			<CY>14</CY>
		</Size>
		<Text>0</Text>
		<TextColor>
				<R>255</R>
				<G>255</G>
				<B>255</B>
		</TextColor>
		<NoWrap>true</NoWrap>
		<AlignCenter>false</AlignCenter>
		<AlignRight>true</AlignRight>
		<AlignLeft>false</AlignLeft>
	</Label>

	<Label item ="Player_HPPercLabel">
		<ScreenID>HPPerLabel</ScreenID>
		<RelativePosition>true</RelativePosition>
		<Location>
			<X>110</X>
			<Y>29</Y>
		</Location>
		<Size>
			<CX>35</CX>
			<CY>14</CY>
		</Size>
		<Text>%</Text>
		<TextColor>
				<R>255</R>
				<G>255</G>
				<B>255</B>
		</TextColor>
		<NoWrap>true</NoWrap>
		<AlignCenter>false</AlignCenter>
		<AlignRight>true</AlignRight>
		<AlignLeft>false</AlignLeft>
	</Label>
	<Label item ="Player_ManaLabel">
		<ScreenID>ManaLabel</ScreenID>
		<EQType>20</EQType>
		<RelativePosition>true</RelativePosition>
		<Location>
			<X>100</X>
			<Y>42</Y>
		</Location>
		<Size>
			<CX>35</CX>
			<CY>14</CY>
		</Size>
		<Text>0</Text>
		<TextColor>
				<R>255</R>
				<G>255</G>
				<B>255</B>
		</TextColor>
		<NoWrap>true</NoWrap>
		<AlignCenter>false</AlignCenter>
		<AlignRight>true</AlignRight>
		<AlignLeft>false</AlignLeft>
	</Label>

	<Label item ="Player_ManaPercLabel">
		<ScreenID>ManPercLabel</ScreenID>
		<RelativePosition>true</RelativePosition>
		<Location>
			<X>110</X>
			<Y>42</Y>
		</Location>
		<Size>
			<CX>35</CX>
			<CY>14</CY>
		</Size>
		<Text>%</Text>
		<TextColor>
				<R>255</R>
				<G>255</G>
				<B>255</B>
		</TextColor>
		<NoWrap>true</NoWrap>
		<AlignCenter>false</AlignCenter>
		<AlignRight>true</AlignRight>
		<AlignLeft>false</AlignLeft>
	</Label>

	<Label item ="Player_FatigueLabel">
		<ScreenID>FatigueLabel</ScreenID>
		<EQType>21</EQType>
		<RelativePosition>true</RelativePosition>
		<Location>
			<X>100</X>
			<Y>55</Y>
		</Location>
		<Size>
			<CX>35</CX>
			<CY>14</CY>
		</Size>
		<Text>0</Text>
		<TextColor>
				<R>255</R>
				<G>255</G>
				<B>255</B>
		</TextColor>
		<NoWrap>true</NoWrap>
		<AlignCenter>false</AlignCenter>
		<AlignRight>true</AlignRight>
		<AlignLeft>false</AlignLeft>
	</Label>

	<Label item ="Player_FatiguePercLabel">
		<ScreenID>FatiguePercLabel</ScreenID>
		<RelativePosition>true</RelativePosition>
		<Location>
			<X>110</X>
			<Y>55</Y>
		</Location>
		<Size>
			<CX>35</CX>
			<CY>14</CY>
		</Size>
		<Text>%</Text>
		<TextColor>
				<R>255</R>
				<G>255</G>
				<B>255</B>
		</TextColor>
		<NoWrap>true</NoWrap>
		<AlignCenter>false</AlignCenter>
		<AlignRight>true</AlignRight>
		<AlignLeft>false</AlignLeft>
	</Label>
	<Label item ="Player_ExpPercentage">
		<ScreenID>ExpPercentage</ScreenID>
		<EQType>26</EQType>
		<RelativePosition>true</RelativePosition>
		<Location>
			<X>100</X>
			<Y>68</Y>
		</Location>
		<Size>
			<CX>35</CX>
			<CY>14</CY>
		</Size>
		<Text>0</Text>
		<TextColor>
				<R>255</R>
				<G>255</G>
				<B>255</B>
		</TextColor>
		<NoWrap>true</NoWrap>
		<AlignCenter>false</AlignCenter>
		<AlignRight>true</AlignRight>
		<AlignLeft>false</AlignLeft>
	</Label>

	<Label item ="Player_ExpPercHold">
		<RelativePosition>true</RelativePosition>
		<Location>
			<X>110</X>
			<Y>68</Y>
		</Location>
		<Size>
			<CX>35</CX>
			<CY>14</CY>
		</Size>
		<Text>%</Text>
		<TextColor>
				<R>255</R>
				<G>255</G>
				<B>255</B>
		</TextColor>
		<NoWrap>true</NoWrap>
		<AlignCenter>false</AlignCenter>
		<AlignRight>true</AlignRight>
		<AlignLeft>false</AlignLeft>
	</Label>

	<Label item ="Player_AAExpPercentage">
		<ScreenID>AAExpPercentage</ScreenID>
		<EQType>27</EQType>
		<RelativePosition>true</RelativePosition>
		<Location>
			<X>100</X>
			<Y>81</Y>
		</Location>
		<Size>
			<CX>35</CX>
			<CY>14</CY>
		</Size>
		<Text>0</Text>
		<TextColor>
				<R>255</R>
				<G>255</G>
				<B>255</B>
		</TextColor>
		<NoWrap>true</NoWrap>
		<AlignCenter>false</AlignCenter>
		<AlignRight>true</AlignRight>
		<AlignLeft>false</AlignLeft>
	</Label>

	<Label item ="Player_AAExpPercHold">
		<RelativePosition>true</RelativePosition>
		<Location>
			<X>110</X>
			<Y>81</Y>
		</Location>
		<Size>
			<CX>35</CX>
			<CY>14</CY>
		</Size>
		<Text>%</Text>
		<TextColor>
				<R>255</R>
				<G>255</G>
				<B>255</B>
		</TextColor>
		<NoWrap>true</NoWrap>
		<AlignCenter>false</AlignCenter>
		<AlignRight>true</AlignRight>
		<AlignLeft>false</AlignLeft>
	</Label>

	<Label item="Player_CombatTimerLabel">
		<ScreenID>Player_CombatTimerLabel</ScreenID>
		<EQType>137</EQType>
		<Font>2</Font>
		<RelativePosition>true</RelativePosition>
		<Location>
			<X>112</X>
			<Y>94</Y>
		</Location>
		<Size>
			<CX>35</CX>
			<CY>14</CY>
		</Size>
		<Text>00:30</Text>
		<TextColor>
			<R>255</R>
			<G>255</G>
			<B>255</B>
		</TextColor>
		<NoWrap>true</NoWrap>
		<AlignCenter>true</AlignCenter>
		<AlignRight>false</AlignRight>
		<AlignLeft>false</AlignLeft>		
	</Label>

<!-- GROUP WINDOW -->
<Button item="GW_InviteButton">
		<ScreenID>InviteButton</ScreenID>
		<RelativePosition>true</RelativePosition>
		<Style_VScroll>false</Style_VScroll>
		<Style_HScroll>false</Style_HScroll>
		<Style_Transparent>false</Style_Transparent>
		<TooltipReference>Select a player and click to invite into the group</TooltipReference>
		<Style_Checkbox>false</Style_Checkbox>
		<Text>Invite</Text>
		<TextColor>
			<R>255</R>
			<G>255</G>
			<B>255</B>
		</TextColor>
		<ButtonDrawTemplate>
			<Normal>A_SmallBtnNormal</Normal>
			<Pressed>A_SmallBtnPressed</Pressed>
			<Flyby>A_SmallBtnFlyby</Flyby>
			<Disabled>A_SmallBtnDisabled</Disabled>
			<PressedFlyby>A_SmallBtnPressedFlyby</PressedFlyby>
		</ButtonDrawTemplate>
		<Location>
			<X>3</X>
			<Y>230</Y>
		</Location>
		<Size>
			<CX>54</CX>
			<CY>20</CY>
		</Size>
	</Button>
	<Button item="GW_DisbandButton">
		<ScreenID>DisbandButton</ScreenID>
		<RelativePosition>true</RelativePosition>
		<Style_VScroll>false</Style_VScroll>
		<Style_HScroll>false</Style_HScroll>
		<Style_Transparent>false</Style_Transparent>
		<TooltipReference>Click to disband your target from the group</TooltipReference>
		<Style_Checkbox>false</Style_Checkbox>
		<ButtonDrawTemplate>
			<Normal>A_SmallBtnNormal</Normal>
			<Pressed>A_SmallBtnPressed</Pressed>
			<Flyby>A_SmallBtnFlyby</Flyby>
			<Disabled>A_SmallBtnDisabled</Disabled>
			<PressedFlyby>A_SmallBtnPressedFlyby</PressedFlyby>
		</ButtonDrawTemplate>
		<Text>Disband</Text>
		<TextColor>
			<R>255</R>
			<G>255</G>
			<B>255</B>
		</TextColor>
		<Location>
			<X>57</X>
			<Y>230</Y>
		</Location>
		<Size>
			<CX>54</CX>
			<CY>20</CY>
		</Size>
	</Button>
	<Button item="GW_FollowButton">
		<ScreenID>FollowButton</ScreenID>
		<RelativePosition>true</RelativePosition>
		<Style_VScroll>false</Style_VScroll>
		<Style_HScroll>false</Style_HScroll>
		<Style_Transparent>false</Style_Transparent>
		<TooltipReference>Accept an invitation to group</TooltipReference>
		<Style_Checkbox>false</Style_Checkbox>
		<Text>Follow</Text>
		<TextColor>
			<R>255</R>
			<G>255</G>
			<B>255</B>
		</TextColor>
		<ButtonDrawTemplate>
			<Normal>A_BtnNormal</Normal>
			<Pressed>A_BtnPressed</Pressed>
			<Flyby>A_BtnFlyby</Flyby>
			<Disabled>A_BtnDisabled</Disabled>
			<PressedFlyby>A_BtnPressedFlyby</PressedFlyby>
		</ButtonDrawTemplate>
		<Location>
			<X>3</X>
			<Y>130</Y>
		</Location>
		<Size>
			<CX>54</CX>
			<CY>20</CY>
		</Size>
	</Button>
	<Button item="GW_DeclineButton">
		<ScreenID>DeclineButton</ScreenID>
		<RelativePosition>true</RelativePosition>
		<Style_VScroll>false</Style_VScroll>
		<Style_HScroll>false</Style_HScroll>
		<Style_Transparent>false</Style_Transparent>
		<TooltipReference>Refuse an invtitation to group</TooltipReference>
		<Style_Checkbox>false</Style_Checkbox>
		<ButtonDrawTemplate>
			<Normal>A_SmallBtnNormal</Normal>
			<Pressed>A_SmallBtnPressed</Pressed>
			<Flyby>A_SmallBtnFlyby</Flyby>
			<Disabled>A_SmallBtnDisabled</Disabled>
			<PressedFlyby>A_SmallBtnPressedFlyby</PressedFlyby>
		</ButtonDrawTemplate>
		<Text>Decline</Text>
		<TextColor>
			<R>255</R>
			<G>255</G>
			<B>255</B>
		</TextColor>
		<Location>
			<X>57</X>
			<Y>130</Y>
		</Location>
		<Size>
			<CX>54</CX>
			<CY>20</CY>
		</Size>
	</Button>
	<Gauge item="GW_Gauge1">
		<ScreenID>Gauge1</ScreenID>
		<TextColor>
			<R>240</R>
			<G>240</G>
			<B>240</B>
		</TextColor>
		<RelativePosition>true</RelativePosition>
		<FillTint>
			<R>220</R>
			<G>0</G>
			<B>0</B>
		</FillTint>
		<EQType>11</EQType>
		<GaugeDrawTemplate>
			<Fill>A_GaugeFill</Fill>
			<EndCapLeft>A_GaugeEndCapLeft</EndCapLeft>
			<EndCapRight>A_GaugeEndCapRight</EndCapRight>
			<Background>A_GaugeBackground</Background>
		</GaugeDrawTemplate>
		<Location>
			<X>3</X>
			<Y>97</Y>
		</Location>
		<Size>
			<CX>108</CX>
			<CY>24</CY>
		</Size>
	</Gauge>
	<Gauge item="GW_PetGauge1">
		<ScreenID>PetGauge1</ScreenID>
		<TextOffsetY>-50</TextOffsetY>
		<GaugeOffsetY>-2</GaugeOffsetY>
		<RelativePosition>true</RelativePosition>
		<FillTint>
			<R>51</R>
			<G>192</G>
			<B>51</B>
		</FillTint>
		<EQType>17</EQType>
		<GaugeDrawTemplate>
			<Fill>A_GaugeFill</Fill>
			<EndCapLeft>A_GaugeEndCapLeft</EndCapLeft>
			<EndCapRight>A_GaugeEndCapRight</EndCapRight>
			<Background>A_GaugeBackground</Background>
		</GaugeDrawTemplate>
		<Location>
			<X>3</X>
			<Y>122</Y>
		</Location>
		<Size>
			<CX>108</CX>
			<CY>4</CY>
		</Size>
	</Gauge>
	<Gauge item="GW_ManaGauge1">
		<ScreenID>ManaGauge1</ScreenID>
		<TextOffsetY>-50</TextOffsetY>
		<GaugeOffsetY>-2</GaugeOffsetY>
		<RelativePosition>true</RelativePosition>
		<FillTint>
			<R>0</R>
			<G>128</G>
			<B>255</B>
		</FillTint>
		<EQType>31</EQType>
		<GaugeDrawTemplate>
			<Fill>A_GaugeFill</Fill>
			<EndCapLeft>A_GaugeEndCapLeft</EndCapLeft>
			<EndCapRight>A_GaugeEndCapRight</EndCapRight>
			<Background>A_GaugeBackground</Background>
		</GaugeDrawTemplate>
		<Location>
			<X>3</X>
			<Y>122</Y>
		</Location>
		<Size>
			<CX>108</CX>
			<CY>3</CY>
		</Size>
	</Gauge>
	<Gauge item="GW_STAGauge1">
		<ScreenID>STAGauge1</ScreenID>
		<TextOffsetY>-50</TextOffsetY>
		<GaugeOffsetY>-2</GaugeOffsetY>
		<RelativePosition>true</RelativePosition>
		<FillTint>
			<R>240</R>
			<G>240</G>
			<B>0</B>
		</FillTint>
		<EQType>36</EQType>
		<GaugeDrawTemplate>
			<Fill>A_GaugeFill</Fill>
			<EndCapLeft>A_GaugeEndCapLeft</EndCapLeft>
			<EndCapRight>A_GaugeEndCapRight</EndCapRight>
			<Background>A_GaugeBackground</Background>
		</GaugeDrawTemplate>
		<Location>
			<X>3</X>
			<Y>119</Y>
		</Location>
		<Size>
			<CX>108</CX>
			<CY>3</CY>
		</Size>
	</Gauge>
	<Gauge item="GW_Gauge2">
		<ScreenID>Gauge2</ScreenID>
		<TextColor>
			<R>240</R>
			<G>240</G>
			<B>240</B>
		</TextColor>
		<RelativePosition>true</RelativePosition>
		<FillTint>
			<R>220</R>
			<G>0</G>
			<B>0</B>
		</FillTint>
		<EQType>12</EQType>
		<GaugeDrawTemplate>
			<Fill>A_GaugeFill</Fill>
			<EndCapLeft>A_GaugeEndCapLeft</EndCapLeft>
			<EndCapRight>A_GaugeEndCapRight</EndCapRight>
			<Background>A_GaugeBackground</Background>
		</GaugeDrawTemplate>
		<GaugeOffsetY>15</GaugeOffsetY>
		<Location>
			<X>3</X>
			<Y>123</Y>
		</Location>
		<Size>
			<CX>108</CX>
			<CY>24</CY>
		</Size>
	</Gauge>
	<Gauge item="GW_PetGauge2">
		<ScreenID>PetGauge2</ScreenID>
		<TextOffsetY>-50</TextOffsetY>
		<GaugeOffsetY>-2</GaugeOffsetY>
		<RelativePosition>true</RelativePosition>
		<FillTint>
			<R>51</R>
			<G>192</G>
			<B>51</B>
		</FillTint>
		<EQType>18</EQType>
		<GaugeDrawTemplate>
			<Fill>A_GaugeFill</Fill>
			<EndCapLeft>A_GaugeEndCapLeft</EndCapLeft>
			<EndCapRight>A_GaugeEndCapRight</EndCapRight>
			<Background>A_GaugeBackground</Background>
		</GaugeDrawTemplate>
<Location>
			<X>3</X>
			<Y>148</Y>
		</Location>
		<Size>
			<CX>108</CX>
			<CY>4</CY>
		</Size>
	</Gauge>
	<Gauge item="GW_ManaGauge2">
		<ScreenID>ManaGauge2</ScreenID>
		<TextOffsetY>-50</TextOffsetY>
		<GaugeOffsetY>-2</GaugeOffsetY>
		<RelativePosition>true</RelativePosition>
		<FillTint>
			<R>0</R>
			<G>128</G>
			<B>255</B>
		</FillTint>
		<EQType>32</EQType>
		<GaugeDrawTemplate>
			<Fill>A_GaugeFill</Fill>
			<EndCapLeft>A_GaugeEndCapLeft</EndCapLeft>
			<EndCapRight>A_GaugeEndCapRight</EndCapRight>
			<Background>A_GaugeBackground</Background>
		</GaugeDrawTemplate>
		<Location>
			<X>3</X>
			<Y>148</Y>
		</Location>
		<Size>
			<CX>108</CX>
			<CY>3</CY>
		</Size>
	</Gauge>
	<Gauge item="GW_STAGauge2">
		<ScreenID>STAGauge2</ScreenID>
		<TextOffsetY>-50</TextOffsetY>
		<GaugeOffsetY>-2</GaugeOffsetY>
		<RelativePosition>true</RelativePosition>
		<FillTint>
			<R>240</R>
			<G>240</G>
			<B>0</B>
		</FillTint>
		<EQType>37</EQType>
		<GaugeDrawTemplate>
			<Fill>A_GaugeFill</Fill>
			<EndCapLeft>A_GaugeEndCapLeft</EndCapLeft>
			<EndCapRight>A_GaugeEndCapRight</EndCapRight>
			<Background>A_GaugeBackground</Background>
		</GaugeDrawTemplate>
		<Location>
			<X>3</X>
			<Y>145</Y>
		</Location>
		<Size>
			<CX>108</CX>
			<CY>3</CY>
		</Size>
	</Gauge>
	<Gauge item="GW_Gauge3">
		<ScreenID>Gauge3</ScreenID>
		<TextColor>
			<R>240</R>
			<G>240</G>
			<B>240</B>
		</TextColor>
		<RelativePosition>true</RelativePosition>
		<FillTint>
			<R>220</R>
			<G>0</G>
			<B>0</B>
		</FillTint>
		<EQType>13</EQType>
		<GaugeDrawTemplate>
			<Fill>A_GaugeFill</Fill>
			<Background>A_GaugeBackground</Background>
			<EndCapLeft>A_GaugeEndCapLeft</EndCapLeft>
			<EndCapRight>A_GaugeEndCapRight</EndCapRight>
		</GaugeDrawTemplate>
		<GaugeOffsetY>15</GaugeOffsetY>
		<Location>
			<X>3</X>
			<Y>150</Y>
		</Location>
		<Size>
			<CX>108</CX>
			<CY>24</CY>
		</Size>
	</Gauge>
	<Gauge item="GW_PetGauge3">
		<ScreenID>PetGauge3</ScreenID>
		<TextOffsetY>-50</TextOffsetY>
		<GaugeOffsetY>-2</GaugeOffsetY>
		<RelativePosition>true</RelativePosition>
		<FillTint>
			<R>51</R>
			<G>192</G>
			<B>51</B>
		</FillTint>
		<EQType>19</EQType>
		<GaugeDrawTemplate>
			<Fill>A_GaugeFill</Fill>
			<EndCapLeft>A_GaugeEndCapLeft</EndCapLeft>
			<EndCapRight>A_GaugeEndCapRight</EndCapRight>
			<Background>A_GaugeBackground</Background>
		</GaugeDrawTemplate>
		<Location>
			<X>3</X>
			<Y>174</Y>
		</Location>
		<Size>
			<CX>108</CX>
			<CY>4</CY>
		</Size>
	</Gauge>
        <Gauge item="GW_ManaGauge3">
		<ScreenID>ManaGauge3</ScreenID>
		<TextOffsetY>-50</TextOffsetY>
		<GaugeOffsetY>-2</GaugeOffsetY>
		<RelativePosition>true</RelativePosition>
		<FillTint>
			<R>0</R>
			<G>128</G>
			<B>255</B>
		</FillTint>
		<EQType>33</EQType>
		<GaugeDrawTemplate>
			<Fill>A_GaugeFill</Fill>
			<EndCapLeft>A_GaugeEndCapLeft</EndCapLeft>
			<EndCapRight>A_GaugeEndCapRight</EndCapRight>
			<Background>A_GaugeBackground</Background>
		</GaugeDrawTemplate>
		<Location>
			<X>3</X>
			<Y>174</Y>
		</Location>
		<Size>
			<CX>108</CX>
			<CY>3</CY>
		</Size>
	</Gauge>
	<Gauge item="GW_STAGauge3">
		<ScreenID>STAGauge3</ScreenID>
		<TextOffsetY>-50</TextOffsetY>
		<GaugeOffsetY>-2</GaugeOffsetY>
		<RelativePosition>true</RelativePosition>
		<FillTint>
			<R>240</R>
			<G>240</G>
			<B>0</B>
		</FillTint>
		<EQType>38</EQType>
		<GaugeDrawTemplate>
			<Fill>A_GaugeFill</Fill>
			<EndCapLeft>A_GaugeEndCapLeft</EndCapLeft>
			<EndCapRight>A_GaugeEndCapRight</EndCapRight>
			<Background>A_GaugeBackground</Background>
		</GaugeDrawTemplate>
		<Location>
			<X>3</X>
			<Y>171</Y>
		</Location>
		<Size>
			<CX>108</CX>
			<CY>3</CY>
		</Size>
	</Gauge>
	<Gauge item="GW_Gauge4">
		<ScreenID>Gauge4</ScreenID>
		<TextColor>
			<R>240</R>
			<G>240</G>
			<B>240</B>
		</TextColor>
		<RelativePosition>true</RelativePosition>
		<FillTint>
			<R>220</R>
			<G>0</G>
			<B>0</B>
		</FillTint>
		<EQType>14</EQType>
		<GaugeDrawTemplate>
			<Fill>A_GaugeFill</Fill>
			<EndCapLeft>A_GaugeEndCapLeft</EndCapLeft>
			<EndCapRight>A_GaugeEndCapRight</EndCapRight>
			<Background>A_GaugeBackground</Background>
		</GaugeDrawTemplate>
		<GaugeOffsetY>15</GaugeOffsetY>
		<Location>
			<X>3</X>
			<Y>175</Y>
		</Location>
		<Size>
			<CX>108</CX>
			<CY>24</CY>
		</Size>
	</Gauge>
	<Gauge item="GW_PetGauge4">
		<ScreenID>PetGauge4</ScreenID>
		<TextOffsetY>-50</TextOffsetY>
		<GaugeOffsetY>-2</GaugeOffsetY>
		<RelativePosition>true</RelativePosition>
		<FillTint>
			<R>51</R>
			<G>192</G>
			<B>51</B>
		</FillTint>
		<EQType>20</EQType>
		<GaugeDrawTemplate>
			<Fill>A_GaugeFill</Fill>
			<EndCapLeft>A_GaugeEndCapLeft</EndCapLeft>
			<EndCapRight>A_GaugeEndCapRight</EndCapRight>
			<Background>A_GaugeBackground</Background>
		</GaugeDrawTemplate>
		<Location>
			<X>3</X>
			<Y>200</Y>
		</Location>
		<Size>
			<CX>108</CX>
			<CY>3</CY>
		</Size>
	</Gauge>
	<Gauge item="GW_ManaGauge4">
		<ScreenID>ManaGauge4</ScreenID>
		<TextOffsetY>-50</TextOffsetY>
		<GaugeOffsetY>-2</GaugeOffsetY>
		<RelativePosition>true</RelativePosition>
		<FillTint>
			<R>0</R>
			<G>128</G>
			<B>255</B>
		</FillTint>
		<EQType>34</EQType>
		<GaugeDrawTemplate>
			<Fill>A_GaugeFill</Fill>
			<EndCapLeft>A_GaugeEndCapLeft</EndCapLeft>
			<EndCapRight>A_GaugeEndCapRight</EndCapRight>
			<Background>A_GaugeBackground</Background>
		</GaugeDrawTemplate>
		<Location>
			<X>3</X>
			<Y>200</Y>
		</Location>
		<Size>
			<CX>108</CX>
			<CY>3</CY>
		</Size>
	</Gauge>
	<Gauge item="GW_STAGauge4">
		<ScreenID>STAGauge4</ScreenID>
		<TextOffsetY>-50</TextOffsetY>
		<GaugeOffsetY>-2</GaugeOffsetY>
		<RelativePosition>true</RelativePosition>
		<FillTint>
			<R>240</R>
			<G>240</G>
			<B>0</B>
		</FillTint>
		<EQType>39</EQType>
		<GaugeDrawTemplate>
			<Fill>A_GaugeFill</Fill>
			<EndCapLeft>A_GaugeEndCapLeft</EndCapLeft>
			<EndCapRight>A_GaugeEndCapRight</EndCapRight>
			<Background>A_GaugeBackground</Background>
		</GaugeDrawTemplate>
		<Location>
			<X>3</X>
			<Y>197</Y>
		</Location>
		<Size>
			<CX>108</CX>
			<CY>3</CY>
		</Size>
	</Gauge>
	<Gauge item="GW_Gauge5">
		<ScreenID>Gauge5</ScreenID>
		<TextColor>
			<R>240</R>
			<G>240</G>
			<B>240</B>
		</TextColor>
		<RelativePosition>true</RelativePosition>
		<FillTint>
			<R>220</R>
			<G>0</G>
			<B>0</B>
		</FillTint>
		<EQType>15</EQType>
		<GaugeDrawTemplate>
			<Fill>A_GaugeFill</Fill>
			<EndCapLeft>A_GaugeEndCapLeft</EndCapLeft>
			<EndCapRight>A_GaugeEndCapRight</EndCapRight>
			<Background>A_GaugeBackground</Background>
		</GaugeDrawTemplate>
		<GaugeOffsetY>15</GaugeOffsetY>
		<Location>
			<X>3</X>
			<Y>201</Y>
		</Location>
		<Size>
			<CX>108</CX>
			<CY>24</CY>
		</Size>
	</Gauge>
	<Gauge item="GW_PetGauge5">
		<ScreenID>PetGauge5</ScreenID>
		<TextOffsetY>-50</TextOffsetY>
		<GaugeOffsetY>-2</GaugeOffsetY>
		<RelativePosition>true</RelativePosition>
		<FillTint>
			<R>51</R>
			<G>192</G>
			<B>51</B>
		</FillTint>
		<EQType>21</EQType>
		<GaugeDrawTemplate>
			<Fill>A_GaugeFill</Fill>
			<EndCapLeft>A_GaugeEndCapLeft</EndCapLeft>
			<EndCapRight>A_GaugeEndCapRight</EndCapRight>
			<Background>A_GaugeBackground</Background>
		</GaugeDrawTemplate>
		<Location>
			<X>3</X>
			<Y>226</Y>
		</Location>
		<Size>
			<CX>108</CX>
			<CY>4</CY>
		</Size>
	</Gauge>
	<Gauge item="GW_ManaGauge5">
		<ScreenID>ManaGauge5</ScreenID>
		<TextOffsetY>-50</TextOffsetY>
		<GaugeOffsetY>-2</GaugeOffsetY>
		<RelativePosition>true</RelativePosition>
		<FillTint>
			<R>0</R>
			<G>128</G>
			<B>255</B>
		</FillTint>
		<EQType>35</EQType>
		<GaugeDrawTemplate>
			<Fill>A_GaugeFill</Fill>
			<EndCapLeft>A_GaugeEndCapLeft</EndCapLeft>
			<EndCapRight>A_GaugeEndCapRight</EndCapRight>
			<Background>A_GaugeBackground</Background>
		</GaugeDrawTemplate>
		<Location>
			<X>3</X>
			<Y>226</Y>
		</Location>
		<Size>
			<CX>108</CX>
			<CY>3</CY>
		</Size>
	</Gauge>
	<Gauge item="GW_STAGauge5">
		<ScreenID>STAGauge5</ScreenID>
		<TextOffsetY>-50</TextOffsetY>
		<GaugeOffsetY>-2</GaugeOffsetY>
		<RelativePosition>true</RelativePosition>
		<FillTint>
			<R>240</R>
			<G>240</G>
			<B>0</B>
		</FillTint>
		<EQType>40</EQType>
		<GaugeDrawTemplate>
			<Fill>A_GaugeFill</Fill>
			<EndCapLeft>A_GaugeEndCapLeft</EndCapLeft>
			<EndCapRight>A_GaugeEndCapRight</EndCapRight>
			<Background>A_GaugeBackground</Background>
		</GaugeDrawTemplate>
		<Location>
			<X>3</X>
			<Y>223</Y>
		</Location>
		<Size>
			<CX>108</CX>
			<CY>3</CY>
		</Size>
	</Gauge>
	<Label item="GW_HPLabel1">
			<ScreenID>HPLabel1</ScreenID>
		<EQType>35</EQType>
		<RelativePosition>true</RelativePosition>
		<Location>
			<X>75</X>
			<Y>110</Y>
		</Location>
		<Size>
			<CX>60</CX>
			<CY>12</CY>
		</Size>
		<Text>Playername123456</Text>
		<TextColor>
			<R>255</R>
			<G>255</G>
			<B>255</B>
		</TextColor>
		<NoWrap>true</NoWrap>
		<AlignCenter>false</AlignCenter>
		<AlignRight>true</AlignRight>
	</Label>
	
	<Label item ="GW_HPPercLabel1">
		<ScreenID>HPPercLabel1</ScreenID>
		<RelativePosition>true</RelativePosition>
		<Location>
			<X>134</X>
			<Y>110</Y>
		</Location>
		<Size>
			<CX>16</CX>
			<CY>12</CY>
		</Size>
		<Text>%</Text>
		<TextColor>
			<R>255</R>
			<G>255</G>
			<B>255</B>
		</TextColor>
		<NoWrap>true</NoWrap>
		<AlignCenter>false</AlignCenter>
		<AlignRight>false</AlignRight>
	</Label>
	<Label item ="GW_HPLabel2">
		<ScreenID>HPLabel2</ScreenID>
		<EQType>36</EQType>
		<RelativePosition>true</RelativePosition>
		<Location>
			<X>75</X>
			<Y>136</Y>
		</Location>
		<Size>
			<CX>60</CX>
			<CY>12</CY>
		</Size>
		<Text>Playername123456</Text>
		<TextColor>
			<R>255</R>
			<G>255</G>
			<B>255</B>
		</TextColor>
		<NoWrap>true</NoWrap>
		<AlignCenter>false</AlignCenter>
		<AlignRight>true</AlignRight>
	</Label>

	<Label item ="GW_HPPercLabel2">
		<ScreenID>HPPercLabel2</ScreenID>
		<RelativePosition>true</RelativePosition>
		<Location>
			<X>134</X>
			<Y>136</Y>
		</Location>
		<Size>
			<CX>16</CX>
			<CY>12</CY>
		</Size>
		<Text>%</Text>
		<TextColor>
			<R>255</R>
			<G>255</G>
			<B>255</B>
		</TextColor>
		<NoWrap>true</NoWrap>
		<AlignCenter>false</AlignCenter>
		<AlignRight>false</AlignRight>
	</Label>

	<Label item ="GW_HPLabel3">
		<ScreenID>HPLabel3</ScreenID>
		<EQType>37</EQType>
		<RelativePosition>true</RelativePosition>
		<Location>
			<X>75</X>
			<Y>162</Y>
		</Location>
		<Size>
			<CX>60</CX>
			<CY>12</CY>
		</Size>
		<Text>Playername123456</Text>
		<TextColor>
			<R>255</R>
			<G>255</G>
			<B>255</B>
		</TextColor>
		<NoWrap>true</NoWrap>
		<AlignCenter>false</AlignCenter>
		<AlignRight>true</AlignRight>
	</Label>

	<Label item ="GW_HPPercLabel3">
		<ScreenID>HPPercLabel3</ScreenID>
		<RelativePosition>true</RelativePosition>
		<Location>
			<X>134</X>
			<Y>162</Y>
		</Location>
		<Size>
			<CX>16</CX>
			<CY>12</CY>
		</Size>
		<Text>%</Text>
		<TextColor>
			<R>255</R>
			<G>255</G>
			<B>255</B>
		</TextColor>
		<NoWrap>true</NoWrap>
		<AlignCenter>false</AlignCenter>
		<AlignRight>false</AlignRight>
	</Label>

	<Label item ="GW_HPLabel4">
		<ScreenID>HPLabel4</ScreenID>
		<EQType>38</EQType>
		<RelativePosition>true</RelativePosition>
		<Location>
			<X>75</X>
			<Y>188</Y>
		</Location>
		<Size>
			<CX>60</CX>
			<CY>12</CY>
		</Size>
		<Text>Playername123456</Text>
		<TextColor>
			<R>255</R>
			<G>255</G>
			<B>255</B>
		</TextColor>
		<NoWrap>true</NoWrap>
		<AlignCenter>false</AlignCenter>
		<AlignRight>true</AlignRight>
	</Label>

	<Label item ="GW_HPPercLabel4">
		<ScreenID>HPPercLabel4</ScreenID>
		<RelativePosition>true</RelativePosition>
		<Location>
			<X>134</X>
			<Y>188</Y>
		</Location>
		<Size>
			<CX>16</CX>
			<CY>12</CY>
		</Size>
		<Text>%</Text>
		<TextColor>
			<R>255</R>
			<G>255</G>
			<B>255</B>
		</TextColor>
		<NoWrap>true</NoWrap>
		<AlignCenter>false</AlignCenter>
		<AlignRight>false</AlignRight>
	</Label>

	<Label item ="GW_HPLabel5">
		<ScreenID>HPLabel5</ScreenID>
		<EQType>39</EQType>
		<RelativePosition>true</RelativePosition>
		<Location>
			<X>75</X>
			<Y>214</Y>
		</Location>
		<Size>
			<CX>60</CX>
			<CY>12</CY>
		</Size>
		<Text>Playername123456</Text>
		<TextColor>
			<R>255</R>
			<G>255</G>
			<B>255</B>
		</TextColor>
		<NoWrap>true</NoWrap>
		<AlignCenter>false</AlignCenter>
		<AlignRight>true</AlignRight>
	</Label>

	<Label item ="GW_HPPercLabel5">
		<ScreenID>HPPercLabel5</ScreenID>
		<RelativePosition>true</RelativePosition>
		<Location>
			<X>134</X>
			<Y>214</Y>
		</Location>
		<Size>
			<CX>16</CX>
			<CY>12</CY>
		</Size>
		<Text>%</Text>
		<TextColor>
			<R>255</R>
			<G>255</G>
			<B>255</B>
		</TextColor>
		<NoWrap>true</NoWrap>
		<AlignCenter>false</AlignCenter>
		<AlignRight>false</AlignRight>
	</Label>
	<Button item = "GW_LFGButton">
		<ScreenID>LFGButton</ScreenID>
		<RelativePosition>true</RelativePosition>
		<Location>
			<X>42</X>
			<Y>255</Y>
		</Location>
		<Size>
			<CX>26</CX>
			<CY>26</CY>
		</Size>
		<Style_Checkbox>false</Style_Checkbox>
		<TooltipReference>Open LFG Window</TooltipReference>
		<ButtonDrawTemplate>
			<Normal>A_LFGBtnNormal</Normal>
			<Pressed>A_LFGBtnPressed</Pressed>
			<Flyby>A_LFGBtnFlyby</Flyby>
			<Disabled>A_LFGBtnNormal</Disabled>
			<PressedFlyby>A_LFGBtnPressedFlyby</PressedFlyby>
		</ButtonDrawTemplate>
	</Button>
        <Button item="GW_Voice1">
		<EQType>voicechat/GroupActivityButton 0</EQType>
		<RelativePosition>true</RelativePosition>
		<Size>
			<CX>10</CX>
			<CY>10</CY>
		</Size>
		<Style_Transparent>false</Style_Transparent>
		<Style_Checkbox>false</Style_Checkbox>
		<ButtonDrawTemplate>
			<Normal>A_CheckBoxNormal</Normal>
		</ButtonDrawTemplate>
		<TopAnchorOffset>100</TopAnchorOffset>
		<BottomAnchorOffset>110</BottomAnchorOffset>
		<LeftAnchorOffset>110</LeftAnchorOffset>
		<RightAnchorOffset>120</RightAnchorOffset>
		<AutoStretch>true</AutoStretch>
		<TopAnchorToTop>true</TopAnchorToTop>
		<BottomAnchorToTop>true</BottomAnchorToTop>
		<LeftAnchorToLeft>true</LeftAnchorToLeft>
		<RightAnchorToLeft>true</RightAnchorToLeft>
	</Button>
	<Button item="GW_Voice2">
		<EQType>voicechat/GroupActivityButton 1</EQType>
		<RelativePosition>true</RelativePosition>
		<Size>
			<CX>10</CX>
			<CY>10</CY>
		</Size>
		<Style_Transparent>false</Style_Transparent>
		<Style_Checkbox>false</Style_Checkbox>
		<ButtonDrawTemplate>
			<Normal>A_CheckBoxNormal</Normal>
		</ButtonDrawTemplate>
		<TopAnchorOffset>126</TopAnchorOffset>
		<BottomAnchorOffset>136</BottomAnchorOffset>
		<LeftAnchorOffset>110</LeftAnchorOffset>
		<RightAnchorOffset>120</RightAnchorOffset>
		<AutoStretch>true</AutoStretch>
		<TopAnchorToTop>true</TopAnchorToTop>
		<BottomAnchorToTop>true</BottomAnchorToTop>
		<LeftAnchorToLeft>true</LeftAnchorToLeft>
		<RightAnchorToLeft>true</RightAnchorToLeft>
	</Button>	
	<Button item="GW_Voice3">
		<EQType>voicechat/GroupActivityButton 2</EQType>
		<RelativePosition>true</RelativePosition>
		<Size>
			<CX>10</CX>
			<CY>10</CY>
		</Size>
		<Style_Transparent>false</Style_Transparent>
		<Style_Checkbox>false</Style_Checkbox>
		<ButtonDrawTemplate>
			<Normal>A_CheckBoxNormal</Normal>
		</ButtonDrawTemplate>
		<TopAnchorOffset>152</TopAnchorOffset>
		<BottomAnchorOffset>162</BottomAnchorOffset>
		<LeftAnchorOffset>110</LeftAnchorOffset>
		<RightAnchorOffset>120</RightAnchorOffset>
		<AutoStretch>true</AutoStretch>
		<TopAnchorToTop>true</TopAnchorToTop>
		<BottomAnchorToTop>true</BottomAnchorToTop>
		<LeftAnchorToLeft>true</LeftAnchorToLeft>
		<RightAnchorToLeft>true</RightAnchorToLeft>
	</Button>
	<Button item="GW_Voice4">
		<EQType>voicechat/GroupActivityButton 3</EQType>
		<RelativePosition>true</RelativePosition>
		<Location>
			<X>110</X>
			<Y>178</Y>
		</Location>
		<Size>
			<CX>10</CX>
			<CY>10</CY>
		</Size>
		<Style_Transparent>false</Style_Transparent>
		<Style_Checkbox>false</Style_Checkbox>
		<ButtonDrawTemplate>
			<Normal>A_CheckBoxNormal</Normal>
		</ButtonDrawTemplate>
		<TopAnchorOffset>178</TopAnchorOffset>
		<BottomAnchorOffset>188</BottomAnchorOffset>
		<LeftAnchorOffset>110</LeftAnchorOffset>
		<RightAnchorOffset>120</RightAnchorOffset>
		<AutoStretch>true</AutoStretch>
		<TopAnchorToTop>true</TopAnchorToTop>
		<BottomAnchorToTop>true</BottomAnchorToTop>
		<LeftAnchorToLeft>true</LeftAnchorToLeft>
		<RightAnchorToLeft>true</RightAnchorToLeft>
	</Button>
	<Button item="GW_Voice5">
		<EQType>voicechat/GroupActivityButton 4</EQType>
		<RelativePosition>true</RelativePosition>
		<Size>
			<CX>10</CX>
			<CY>10</CY>
		</Size>
		<Style_Transparent>false</Style_Transparent>
		<Style_Checkbox>false</Style_Checkbox>
		<ButtonDrawTemplate>
			<Normal>A_CheckBoxNormal</Normal>
		</ButtonDrawTemplate>
		<TopAnchorOffset>204</TopAnchorOffset>
		<BottomAnchorOffset>214</BottomAnchorOffset>
		<LeftAnchorOffset>110</LeftAnchorOffset>
		<RightAnchorOffset>120</RightAnchorOffset>
		<AutoStretch>true</AutoStretch>
		<TopAnchorToTop>true</TopAnchorToTop>
		<BottomAnchorToTop>true</BottomAnchorToTop>
		<LeftAnchorToLeft>true</LeftAnchorToLeft>
		<RightAnchorToLeft>true</RightAnchorToLeft>
	</Button>
	<Button item="GW_GroupRoleTank1">
		<ScreenID>GroupRoleTank1</ScreenID>
		<RelativePosition>true</RelativePosition>
		<Style_Transparent>false</Style_Transparent>
		<Style_Checkbox>false</Style_Checkbox>
		<ButtonDrawTemplate>
			<NormalDecal>A_Tank</NormalDecal>
		</ButtonDrawTemplate>
		<DecalSize>
			<CX>10</CX>
			<CY>10</CY>
		</DecalSize>
		<TopAnchorOffset>100</TopAnchorOffset>
		<BottomAnchorOffset>110</BottomAnchorOffset>
		<LeftAnchorOffset>80</LeftAnchorOffset>
		<RightAnchorOffset>90</RightAnchorOffset>
		<AutoStretch>true</AutoStretch>
		<LeftAnchorToLeft>true</LeftAnchorToLeft>
		<RightAnchorToLeft>true</RightAnchorToLeft> 
		<TopAnchorToTop>true</TopAnchorToTop>
		<BottomAnchorToTop>true</BottomAnchorToTop>
	</Button>
	<Button item="GW_GroupRoleAssist1">
		<ScreenID>GroupRoleAssist1</ScreenID>
		<RelativePosition>true</RelativePosition>
		<Style_Transparent>false</Style_Transparent>
		<Style_Checkbox>false</Style_Checkbox>
		<ButtonDrawTemplate>
			<NormalDecal>A_Assist</NormalDecal>
		</ButtonDrawTemplate>
		<DecalSize>
			<CX>10</CX>
			<CY>10</CY>
		</DecalSize>
		<TopAnchorOffset>100</TopAnchorOffset>
		<BottomAnchorOffset>110</BottomAnchorOffset>
		<LeftAnchorOffset>90</LeftAnchorOffset>
		<RightAnchorOffset>100</RightAnchorOffset>
		<AutoStretch>true</AutoStretch>
		<TopAnchorToTop>true</TopAnchorToTop>
		<BottomAnchorToTop>true</BottomAnchorToTop>
		<LeftAnchorToLeft>true</LeftAnchorToLeft>
		<RightAnchorToLeft>true</RightAnchorToLeft>
	</Button>
	<Button item="GW_GroupRolePuller1">
		<ScreenID>GroupRolePuller1</ScreenID>
		<RelativePosition>true</RelativePosition>
		<Style_Transparent>false</Style_Transparent>
		<Style_Checkbox>false</Style_Checkbox>
		<ButtonDrawTemplate>
			<NormalDecal>A_Puller</NormalDecal>
		</ButtonDrawTemplate>
		<DecalSize>
		        <CX>10</CX>
			<CY>10</CY>
		</DecalSize>
		<TopAnchorOffset>100</TopAnchorOffset>
		<BottomAnchorOffset>110</BottomAnchorOffset>
		<LeftAnchorOffset>100</LeftAnchorOffset>
		<RightAnchorOffset>110</RightAnchorOffset>
		<AutoStretch>true</AutoStretch>
		<TopAnchorToTop>true</TopAnchorToTop>
		<BottomAnchorToTop>true</BottomAnchorToTop>
		<LeftAnchorToLeft>true</LeftAnchorToLeft>
		<RightAnchorToLeft>true</RightAnchorToLeft>
	</Button>
	<Button item="GW_GroupRoleTank2">
		<ScreenID>GroupRoleTank2</ScreenID>
		<RelativePosition>true</RelativePosition>
		<Style_Transparent>false</Style_Transparent>
		<Style_Checkbox>false</Style_Checkbox>
		<ButtonDrawTemplate>
			<NormalDecal>A_Tank</NormalDecal>
		</ButtonDrawTemplate>
		<DecalSize>
			<CX>10</CX>
			<CY>10</CY>
		</DecalSize>
		<TopAnchorOffset>126</TopAnchorOffset>
		<BottomAnchorOffset>136</BottomAnchorOffset>
		<LeftAnchorOffset>80</LeftAnchorOffset>
		<RightAnchorOffset>90</RightAnchorOffset>
		<AutoStretch>true</AutoStretch>
		<TopAnchorToTop>true</TopAnchorToTop>
		<BottomAnchorToTop>true</BottomAnchorToTop>
		<LeftAnchorToLeft>true</LeftAnchorToLeft>
		<RightAnchorToLeft>true</RightAnchorToLeft>
	</Button>
	<Button item="GW_GroupRoleAssist2">
		<ScreenID>GroupRoleAssist2</ScreenID>
		<RelativePosition>true</RelativePosition>
		<Style_Transparent>false</Style_Transparent>
		<Style_Checkbox>false</Style_Checkbox>
		<ButtonDrawTemplate>
			<NormalDecal>A_Assist</NormalDecal>
		</ButtonDrawTemplate>
		<DecalSize>
			<CX>10</CX>
			<CY>10</CY>
		</DecalSize>
		<TopAnchorOffset>126</TopAnchorOffset>
		<BottomAnchorOffset>136</BottomAnchorOffset>
		<LeftAnchorOffset>90</LeftAnchorOffset>
		<RightAnchorOffset>100</RightAnchorOffset>
		<AutoStretch>true</AutoStretch>
		<TopAnchorToTop>true</TopAnchorToTop>
		<BottomAnchorToTop>true</BottomAnchorToTop>
		<LeftAnchorToLeft>true</LeftAnchorToLeft>
		<RightAnchorToLeft>true</RightAnchorToLeft>
	</Button>
	<Button item="GW_GroupRolePuller2">
		<ScreenID>GroupRolePuller2</ScreenID>
		<RelativePosition>true</RelativePosition>
		<Style_Transparent>false</Style_Transparent>
		<Style_Checkbox>false</Style_Checkbox>
		<ButtonDrawTemplate>
			<NormalDecal>A_Puller</NormalDecal>
		</ButtonDrawTemplate>
		<DecalSize>
			<CX>10</CX>
			<CY>10</CY>
		</DecalSize>
		<TopAnchorOffset>126</TopAnchorOffset>
		<BottomAnchorOffset>136</BottomAnchorOffset>
		<LeftAnchorOffset>100</LeftAnchorOffset>
		<RightAnchorOffset>110</RightAnchorOffset>
		<AutoStretch>true</AutoStretch>
		<TopAnchorToTop>true</TopAnchorToTop>
		<BottomAnchorToTop>true</BottomAnchorToTop>
		<LeftAnchorToLeft>true</LeftAnchorToLeft>
		<RightAnchorToLeft>true</RightAnchorToLeft>
	</Button>
	<Button item="GW_GroupRoleTank3">
		<ScreenID>GroupRoleTank3</ScreenID>
		<RelativePosition>true</RelativePosition>
		<Style_Transparent>false</Style_Transparent>
		<Style_Checkbox>false</Style_Checkbox>
		<ButtonDrawTemplate>
			<NormalDecal>A_Tank</NormalDecal>
		</ButtonDrawTemplate>
		<DecalSize>
			<CX>10</CX>
			<CY>10</CY>
		</DecalSize>
		<TopAnchorOffset>152</TopAnchorOffset>
		<BottomAnchorOffset>162</BottomAnchorOffset>
		<LeftAnchorOffset>80</LeftAnchorOffset>
		<RightAnchorOffset>90</RightAnchorOffset>
		<AutoStretch>true</AutoStretch>
		<TopAnchorToTop>true</TopAnchorToTop>
		<BottomAnchorToTop>true</BottomAnchorToTop>
		<LeftAnchorToLeft>true</LeftAnchorToLeft>
		<RightAnchorToLeft>true</RightAnchorToLeft>
	</Button>
	<Button item="GW_GroupRoleAssist3">
		<ScreenID>GroupRoleAssist3</ScreenID>
		<RelativePosition>true</RelativePosition>
		<Style_Transparent>false</Style_Transparent>
		<Style_Checkbox>false</Style_Checkbox>
		<ButtonDrawTemplate>
			<NormalDecal>A_Assist</NormalDecal>
		</ButtonDrawTemplate>
		<DecalSize>
			<CX>10</CX>
			<CY>10</CY>
		</DecalSize>
		<TopAnchorOffset>152</TopAnchorOffset>
		<BottomAnchorOffset>162</BottomAnchorOffset>
		<LeftAnchorOffset>90</LeftAnchorOffset>
		<RightAnchorOffset>100</RightAnchorOffset>
		<AutoStretch>true</AutoStretch>
		<TopAnchorToTop>true</TopAnchorToTop>
		<BottomAnchorToTop>true</BottomAnchorToTop>
		<LeftAnchorToLeft>true</LeftAnchorToLeft>
		<RightAnchorToLeft>true</RightAnchorToLeft>
	</Button>
	<Button item="GW_GroupRolePuller3">
		<ScreenID>GroupRolePuller3</ScreenID>
		<RelativePosition>true</RelativePosition>
		<Style_Transparent>false</Style_Transparent>
		<Style_Checkbox>false</Style_Checkbox>
		<ButtonDrawTemplate>
			<NormalDecal>A_Puller</NormalDecal>
		</ButtonDrawTemplate>
		<DecalSize>
			<CX>10</CX>
			<CY>10</CY>
		</DecalSize>
		<TopAnchorOffset>152</TopAnchorOffset>
		<BottomAnchorOffset>162</BottomAnchorOffset>
		<LeftAnchorOffset>100</LeftAnchorOffset>
		<RightAnchorOffset>110</RightAnchorOffset>
		<AutoStretch>true</AutoStretch>
		<TopAnchorToTop>true</TopAnchorToTop>
		<BottomAnchorToTop>true</BottomAnchorToTop>
		<LeftAnchorToLeft>true</LeftAnchorToLeft>
		<RightAnchorToLeft>true</RightAnchorToLeft>
	</Button>
	<Button item="GW_GroupRoleTank4">
		<ScreenID>GroupRoleTank4</ScreenID>
		<RelativePosition>true</RelativePosition>
		<Style_Transparent>false</Style_Transparent>
		<Style_Checkbox>false</Style_Checkbox>
		<ButtonDrawTemplate>
			<NormalDecal>A_Tank</NormalDecal>
		</ButtonDrawTemplate>
		<DecalSize>
			<CX>10</CX>
			<CY>10</CY>
		</DecalSize>
		<TopAnchorOffset>178</TopAnchorOffset>
		<BottomAnchorOffset>188</BottomAnchorOffset>
		<LeftAnchorOffset>80</LeftAnchorOffset>
		<RightAnchorOffset>90</RightAnchorOffset>
		<AutoStretch>true</AutoStretch>
		<TopAnchorToTop>true</TopAnchorToTop>
		<BottomAnchorToTop>true</BottomAnchorToTop>
		<LeftAnchorToLeft>true</LeftAnchorToLeft>
		<RightAnchorToLeft>true</RightAnchorToLeft>
	</Button>
	<Button item="GW_GroupRoleAssist4">
		<ScreenID>GroupRoleAssist4</ScreenID>
		<RelativePosition>true</RelativePosition>
		<Style_Transparent>false</Style_Transparent>
		<Style_Checkbox>false</Style_Checkbox>
		<ButtonDrawTemplate>
			<NormalDecal>A_Assist</NormalDecal>
		</ButtonDrawTemplate>
		<DecalSize>
			<CX>10</CX>
			<CY>10</CY>
		</DecalSize>
		<TopAnchorOffset>178</TopAnchorOffset>
		<BottomAnchorOffset>188</BottomAnchorOffset>
		<LeftAnchorOffset>90</LeftAnchorOffset>
		<RightAnchorOffset>100</RightAnchorOffset>
		<AutoStretch>true</AutoStretch>
		<TopAnchorToTop>true</TopAnchorToTop>
		<BottomAnchorToTop>true</BottomAnchorToTop>
		<LeftAnchorToLeft>true</LeftAnchorToLeft>
		<RightAnchorToLeft>true</RightAnchorToLeft>
	</Button>
	<Button item="GW_GroupRolePuller4">
		<ScreenID>GroupRolePuller4</ScreenID>
		<RelativePosition>true</RelativePosition>
		<Style_Transparent>false</Style_Transparent>
		<Style_Checkbox>false</Style_Checkbox>
		<ButtonDrawTemplate>
			<NormalDecal>A_Puller</NormalDecal>
		</ButtonDrawTemplate>
		<DecalSize>
			<CX>10</CX>
			<CY>10</CY>
		</DecalSize>
		<TopAnchorOffset>178</TopAnchorOffset>
		<BottomAnchorOffset>188</BottomAnchorOffset>
		<LeftAnchorOffset>100</LeftAnchorOffset>
		<RightAnchorOffset>110</RightAnchorOffset>
		<AutoStretch>true</AutoStretch>
	</Button>
	<Button item="GW_GroupRoleTank5">
		<ScreenID>GroupRoleTank5</ScreenID>
		<RelativePosition>true</RelativePosition>
		<Style_Transparent>false</Style_Transparent>
		<Style_Checkbox>false</Style_Checkbox>
		<ButtonDrawTemplate>
			<NormalDecal>A_Tank</NormalDecal>
		</ButtonDrawTemplate>
		<DecalSize>
			<CX>10</CX>
			<CY>10</CY>
		</DecalSize>
		<TopAnchorOffset>204</TopAnchorOffset>
		<BottomAnchorOffset>214</BottomAnchorOffset>
		<LeftAnchorOffset>80</LeftAnchorOffset>
		<RightAnchorOffset>90</RightAnchorOffset>
		<AutoStretch>true</AutoStretch>
		<TopAnchorToTop>true</TopAnchorToTop>
		<BottomAnchorToTop>true</BottomAnchorToTop>
		<LeftAnchorToLeft>true</LeftAnchorToLeft>
		<RightAnchorToLeft>true</RightAnchorToLeft>
	</Button>
	<Button item="GW_GroupRoleAssist5">
		<ScreenID>GroupRoleAssist5</ScreenID>
		<RelativePosition>true</RelativePosition>
		<Style_Transparent>false</Style_Transparent>
		<Style_Checkbox>false</Style_Checkbox>
		<ButtonDrawTemplate>
			<NormalDecal>A_Assist</NormalDecal>
		</ButtonDrawTemplate>
		<DecalSize>
			<CX>10</CX>
			<CY>10</CY>
		</DecalSize>
		<TopAnchorOffset>204</TopAnchorOffset>
		<BottomAnchorOffset>214</BottomAnchorOffset>
		<LeftAnchorOffset>90</LeftAnchorOffset>
		<RightAnchorOffset>100</RightAnchorOffset>
		<AutoStretch>true</AutoStretch>
		<TopAnchorToTop>true</TopAnchorToTop>
		<BottomAnchorToTop>true</BottomAnchorToTop>
		<LeftAnchorToLeft>true</LeftAnchorToLeft>
		<RightAnchorToLeft>true</RightAnchorToLeft>
	</Button>
	<Button item="GW_GroupRolePuller5">
		<ScreenID>GroupRolePuller5</ScreenID>
		<RelativePosition>true</RelativePosition>
		<Style_Transparent>false</Style_Transparent>
		<Style_Checkbox>false</Style_Checkbox>
		<ButtonDrawTemplate>
			<NormalDecal>A_Puller</NormalDecal>
		</ButtonDrawTemplate>
		<DecalSize>
			<CX>10</CX>
			<CY>10</CY>
		</DecalSize>
		<TopAnchorOffset>204</TopAnchorOffset>
		<BottomAnchorOffset>214</BottomAnchorOffset>
		<LeftAnchorOffset>100</LeftAnchorOffset>
		<RightAnchorOffset>110</RightAnchorOffset>
		<AutoStretch>true</AutoStretch>
		<TopAnchorToTop>true</TopAnchorToTop>
		<BottomAnchorToTop>true</BottomAnchorToTop>
		<LeftAnchorToLeft>true</LeftAnchorToLeft>
		<RightAnchorToLeft>true</RightAnchorToLeft>
	</Button>
	<Screen item="GroupWindow">
		<ScreenID />
		<RelativePosition>false</RelativePosition>
		<Location>
			<X>3</X>
			<Y>134</Y>
		</Location>
		<Size>
			<CX>165</CX>
			<CY>237</CY>
		</Size>
		<Text>Group</Text>
		<Style_VScroll>false</Style_VScroll>
		<Style_HScroll>false</Style_HScroll>
		<Style_Transparent>false</Style_Transparent>
		<TooltipReference>This is the party window.</TooltipReference>
		<Style_Titlebar>false</Style_Titlebar>
		<Style_Closebox>false</Style_Closebox>
		<Style_Minimizebox>false</Style_Minimizebox>
		<Style_Border>true</Style_Border>
		<Style_Sizable>false</Style_Sizable>
		<DrawTemplate>WDT_RoundedNoTitle</DrawTemplate>
		<Pieces>GW_Gauge1</Pieces>
		<Pieces>GW_Gauge2</Pieces>
		<Pieces>GW_Gauge3</Pieces>
		<Pieces>GW_Gauge4</Pieces>
		<Pieces>GW_Gauge5</Pieces>
		<Pieces>GW_PetGauge1</Pieces>
		<Pieces>GW_PetGauge2</Pieces>
		<Pieces>GW_PetGauge3</Pieces>
		<Pieces>GW_PetGauge4</Pieces>
		<Pieces>GW_PetGauge5</Pieces>
		<Pieces>GW_ManaGauge1</Pieces>
		<Pieces>GW_ManaGauge2</Pieces>
		<Pieces>GW_ManaGauge3</Pieces>
		<Pieces>GW_ManaGauge4</Pieces>
		<Pieces>GW_ManaGauge5</Pieces>
		<Pieces>GW_STAGauge1</Pieces>
		<Pieces>GW_STAGauge2</Pieces>
		<Pieces>GW_STAGauge3</Pieces>
		<Pieces>GW_STAGauge4</Pieces>
		<Pieces>GW_STAGauge5</Pieces>
		<Pieces>GW_HPLabel1</Pieces>
		<Pieces>GW_HPPercLabel1</Pieces>
		<Pieces>GW_HPLabel2</Pieces>
		<Pieces>GW_HPPercLabel2</Pieces>
		<Pieces>GW_HPLabel3</Pieces>
		<Pieces>GW_HPPercLabel3</Pieces>
		<Pieces>GW_HPLabel4</Pieces>
		<Pieces>GW_HPPercLabel4</Pieces>
		<Pieces>GW_HPLabel5</Pieces>
		<Pieces>GW_HPPercLabel5</Pieces>
		<Pieces>GW_LFGButton</Pieces>
		<Pieces>GW_Voice1</Pieces>
		<Pieces>GW_Voice2</Pieces>
		<Pieces>GW_Voice3</Pieces>
		<Pieces>GW_Voice4</Pieces>
		<Pieces>GW_Voice5</Pieces>
		<Pieces>GW_GroupRoleTank1</Pieces>
		<Pieces>GW_GroupRoleAssist1</Pieces>
		<Pieces>GW_GroupRolePuller1</Pieces>
		<Pieces>GW_GroupRoleTank2</Pieces>
		<Pieces>GW_GroupRoleAssist2</Pieces>
		<Pieces>GW_GroupRolePuller2</Pieces>
		<Pieces>GW_GroupRoleTank3</Pieces>
		<Pieces>GW_GroupRoleAssist3</Pieces>
		<Pieces>GW_GroupRolePuller3</Pieces>
		<Pieces>GW_GroupRoleTank4</Pieces>
		<Pieces>GW_GroupRoleAssist4</Pieces>
		<Pieces>GW_GroupRolePuller4</Pieces>
		<Pieces>GW_GroupRoleTank5</Pieces>
		<Pieces>GW_GroupRoleAssist5</Pieces>
		<Pieces>GW_GroupRolePuller5</Pieces>
		<Pieces>GW_InviteButton</Pieces>
		<Pieces>GW_DisbandButton</Pieces>
		<Pieces>GW_FollowButton</Pieces>
		<Pieces>GW_DeclineButton</Pieces>
		<!-- PLAYER WINDOW -->
		<Pieces>Player_HP</Pieces>
		<Pieces>Player_Mana</Pieces>
		<Pieces>Player_Fatigue</Pieces>
		<Pieces>Pet_HP</Pieces>
		<Pieces>Player_HPNumber</Pieces>
		<Pieces>Player_HPDivider</Pieces>
		<Pieces>Player_HPMax</Pieces>
		<Pieces>Player_ManaNumber</Pieces>
		<Pieces>Player_ManaDivider</Pieces>
		<Pieces>Player_ManaMax</Pieces>
		<Pieces>Player_HPLabel</Pieces>
		<Pieces>Player_HPPercLabel</Pieces>
		<Pieces>Player_ManaLabel</Pieces>
		<Pieces>Player_ManaPercLabel</Pieces>
		<Pieces>Player_FatigueLabel</Pieces>
		<Pieces>Player_FatiguePercLabel</Pieces>
		<Pieces>Player_ExpGauge</Pieces>
		<Pieces>Player_AAXP</Pieces>
		<Pieces>Player_ExpPercentage</Pieces>
		<Pieces>Player_ExpPercHold</Pieces>
		<Pieces>Player_AAExpPercentage</Pieces>
		<Pieces>Player_AAExpPercHold</Pieces>
		<Pieces>Player_CombatTimer</Pieces>
		<Pieces>Player_CombatTimerLabel</Pieces>
	</Screen>
</XML>
