<?xml version = "1.0"?>
<XML ID = "EQInterfaceDefinitionLanguage">
	<Schema xmlns = "EverQuestData" xmlns:dt = "EverQuestDataTypes"/>

<Ui2DAnimation item="A_TargetBoxTop">
		<Cycle>false</Cycle>
		<Frames>
			<Texture>TargetBox.tga</Texture>
			<Location>
				<X>1</X>
				<Y>1</Y>
			</Location>
			<Size>
				<CX>114</CX>
				<CY>2</CY>
			</Size>
		</Frames>
	</Ui2DAnimation>
	<Ui2DAnimation item="A_TargetBoxBottom">
		<Cycle>false</Cycle>
		<Frames>
			<Texture>TargetBox.tga</Texture>
			<Location>
				<X>1</X>
				<Y>26</Y>
			</Location>
			<Size>
				<CX>114</CX>
				<CY>2</CY>
			</Size>
		</Frames>
	</Ui2DAnimation>
	<Ui2DAnimation item="A_TargetBoxLeft">
		<Cycle>false</Cycle>
		<Frames>
			<Texture>TargetBox.tga</Texture>
			<Location>
				<X>1</X>
				<Y>3</Y>
			</Location>
			<Size>
				<CX>3</CX>
				<CY>23</CY>
			</Size>
		</Frames>
	</Ui2DAnimation>
	<Ui2DAnimation item="A_TargetBoxRight">
		<Cycle>false</Cycle>
		<Frames>
			<Texture>TargetBox.tga</Texture>
			<Location>
				<X>111</X>
				<Y>3</Y>
			</Location>
			<Size>
				<CX>3</CX>
				<CY>23</CY>
			</Size>
		</Frames>
	</Ui2DAnimation>
	<Ui2DAnimation item="A_TargetBoxFill">
		<Cycle>false</Cycle>
		<Frames>
			<Texture>TargetBox.tga</Texture>
			<Location>
				<X>4</X>
				<Y>4</Y>
			</Location>
			<Size>
				<CX>107</CX>
				<CY>21</CY>
			</Size>
		</Frames>
	</Ui2DAnimation>
	<StaticAnimation item="A_TargetBoxStaticAnimTop">
		<ScreenID>A_TargetBoxStaticAnimTop</ScreenID>
		<Animation>A_TargetBoxTop</Animation>
		<AutoDraw>false</AutoDraw>
		<AutoStretch>true</AutoStretch>
		<TopAnchorOffset>0</TopAnchorOffset>
		<BottomAnchorOffset>3</BottomAnchorOffset>
		<LeftAnchorOffset>0</LeftAnchorOffset>
		<RightAnchorOffset>0</RightAnchorOffset>
		<TopAnchorToTop>true</TopAnchorToTop>
		<BottomAnchorToTop>true</BottomAnchorToTop>
		<LeftAnchorToLeft>true</LeftAnchorToLeft>
		<RightAnchorToLeft>false</RightAnchorToLeft>
	</StaticAnimation>
	<StaticAnimation item="A_TargetBoxStaticAnimBottom">
		<ScreenID>A_TargetBoxStaticAnimBottom</ScreenID>
		<Animation>A_TargetBoxBottom</Animation>
		<AutoDraw>false</AutoDraw>
		<AutoStretch>true</AutoStretch>
		<TopAnchorOffset>30</TopAnchorOffset>
		<BottomAnchorOffset>32</BottomAnchorOffset>
		<LeftAnchorOffset>0</LeftAnchorOffset>
		<RightAnchorOffset>0</RightAnchorOffset>
		<TopAnchorToTop>true</TopAnchorToTop>
		<BottomAnchorToTop>true</BottomAnchorToTop>
		<LeftAnchorToLeft>true</LeftAnchorToLeft>
		<RightAnchorToLeft>false</RightAnchorToLeft>
	</StaticAnimation>
	<StaticAnimation item="A_TargetBoxStaticAnimLeft">
		<ScreenID>A_TargetBoxStaticAnimLeft</ScreenID>
		<Animation>A_TargetBoxLeft</Animation>
		<AutoDraw>false</AutoDraw>
		<AutoStretch>true</AutoStretch>
		<TopAnchorOffset>3</TopAnchorOffset>
		<BottomAnchorOffset>30</BottomAnchorOffset>
		<LeftAnchorOffset>0</LeftAnchorOffset>
		<RightAnchorOffset>4</RightAnchorOffset>		
		<TopAnchorToTop>true</TopAnchorToTop>
		<BottomAnchorToTop>true</BottomAnchorToTop>
		<LeftAnchorToLeft>true</LeftAnchorToLeft>
		<RightAnchorToLeft>true</RightAnchorToLeft>
	</StaticAnimation>
	<StaticAnimation item="A_TargetBoxStaticAnimRight">
		<ScreenID>A_TargetBoxStaticAnimRight</ScreenID>
		<Animation>A_TargetBoxRight</Animation>
		<AutoDraw>false</AutoDraw>
		<AutoStretch>true</AutoStretch>
		<TopAnchorOffset>3</TopAnchorOffset>
		<BottomAnchorOffset>30</BottomAnchorOffset>
		<LeftAnchorOffset>4</LeftAnchorOffset>
		<RightAnchorOffset>0</RightAnchorOffset>
		<TopAnchorToTop>true</TopAnchorToTop>
		<BottomAnchorToTop>true</BottomAnchorToTop>
		<LeftAnchorToLeft>false</LeftAnchorToLeft>
		<RightAnchorToLeft>false</RightAnchorToLeft>
	</StaticAnimation>
	<StaticAnimation item="A_TargetBoxStaticAnimFill">
		<ScreenID>A_TargetBoxStaticAnimFill</ScreenID>
		<Animation>A_TargetBoxFill</Animation>
		<AutoDraw>false</AutoDraw>
		<AutoStretch>true</AutoStretch>
		<LeftAnchorOffset>4</LeftAnchorOffset>
		<TopAnchorOffset>3</TopAnchorOffset>
		<RightAnchorOffset>0</RightAnchorOffset>
		<BottomAnchorOffset>32</BottomAnchorOffset>
		<BottomAnchorToTop>true</BottomAnchorToTop>
		<RightAnchorToLeft>false</RightAnchorToLeft>
	</StaticAnimation>


	<Gauge item = "Target_HP2">
		<ScreenID>TargetHP</ScreenID>
		<Font>3</Font>
		<TextColor>
			<R>240</R>
			<G>240</G>
			<B>240</B>
		</TextColor>
		<RelativePosition>true</RelativePosition>
		<Location>
			<X>3</X>
			<Y>0</Y>
		</Location>
		<Size>
			<CX>108</CX>
			<CY>24</CY>
		</Size>
		<GaugeOffsetY>16</GaugeOffsetY>
		<TextOffsetX>8</TextOffsetX>
		<Style_VScroll>false</Style_VScroll>
		<Style_HScroll>false</Style_HScroll>
		<Style_Transparent>false</Style_Transparent>
		<TooltipReference/>
		<FillTint>
			<R>240</R>
			<G>0</G>
			<B>0</B>
		</FillTint>
		<LinesFillTint>
			<R>220</R>
			<G>220</G>
			<B>0</B>
		</LinesFillTint>
		<DrawLinesFill>false</DrawLinesFill>
		<EQType>6</EQType>
		<GaugeDrawTemplate>
			<Background>A_GaugeBackground</Background>
			<Fill>A_GaugeFill</Fill>
			<Lines>A_GaugeLines</Lines>
			<LinesFill>A_GaugeLinesFill</LinesFill>
			<EndCapLeft>A_GaugeEndCapLeft</EndCapLeft>
			<EndCapRight>A_GaugeEndCapRight</EndCapRight>
		</GaugeDrawTemplate>
	</Gauge>
	<Label item ="Target_HPLabel2">
		<ScreenID>HPLabel</ScreenID>
		<EQType>29</EQType>
		<!--<Font>3</Font>-->
		<RelativePosition>true</RelativePosition>
		<Location>
			<X>100</X>
			<Y>10</Y>
		</Location>
		<Size>
			<CX>35</CX>
			<CY>14</CY>
		</Size>
		<Text>0</Text>
		<TextColor>
				<R>255</R>
				<G>255</G>
				<B>255</B>
		</TextColor>
		<NoWrap>true</NoWrap>
		<AlignCenter>false</AlignCenter>
		<AlignRight>true</AlignRight>
		<AlignLeft>false</AlignLeft>
	</Label>
	<Label item ="Target_HPPercLabel2">
		<ScreenID>HPPercLabel</ScreenID>
		<!--<Font>3</Font>-->
		<RelativePosition>true</RelativePosition>
		<Location>
			<X>110</X>
			<Y>10</Y>
		</Location>
		<Size>
			<CX>35</CX>
			<CY>14</CY>
		</Size>
		<Text>%</Text>
		<TextColor>
				<R>255</R>
				<G>255</G>
				<B>255</B>
		</TextColor>
		<NoWrap>true</NoWrap>
		<AlignCenter>false</AlignCenter>
		<AlignRight>true</AlignRight>
		<AlignLeft>false</AlignLeft>
	</Label>

	<Gauge item = "TW_Pet_HP2">
		<ScreenID>PetHP</ScreenID>
		<!--<Font>3</Font>-->
		<TextColor>
			<R>240</R>
			<G>240</G>
			<B>240</B>
		</TextColor>
		<RelativePosition>true</RelativePosition>
		<Location>
			<X>3</X>
			<Y>28</Y>
		</Location>
		<Size>
			<CX>108</CX>
			<CY>8</CY>
		</Size>
		<Text>No Pet</Text>
		<TextOffsetX>-50</TextOffsetX>
		<GaugeOffsetY>0</GaugeOffsetY>
		<Style_VScroll>false</Style_VScroll>
		<Style_HScroll>false</Style_HScroll>
		<Style_Transparent>false</Style_Transparent>
		<!--<TooltipReference/>-->
		<FillTint>
				<R>0</R>
				<G>240</G>
				<B>0</B>
		</FillTint>
		<LinesFillTint>
				<R>0</R>
				<G>0</G>
				<B>0</B>
		</LinesFillTint>
		<DrawLinesFill>false</DrawLinesFill>
		<EQType>16</EQType>
		<GaugeDrawTemplate>
			<Background>A_GaugeBackground</Background>
			<Fill>A_GaugeFill</Fill>
			<Lines>A_GaugeLines</Lines>
			<LinesFill>A_GaugeLinesFill</LinesFill>
			<EndCapLeft>A_GaugeEndCapLeft</EndCapLeft>
			<EndCapRight>A_GaugeEndCapRight</EndCapRight>
		</GaugeDrawTemplate>
	</Gauge>
	<Label item ="Target_PetHPPercent2">
		<ScreenID>Target_PetHPPercent</ScreenID>
		<EQType>69</EQType>
		<!--<Font>3</Font>-->
		<RelativePosition>true</RelativePosition>
		<Location>
			<X>100</X>
			<Y>23</Y>
		</Location>
		<Size>
			<CX>35</CX>
			<CY>14</CY>
		</Size>
		<Text>----</Text>
		<TextColor>
				<R>255</R>
				<G>255</G>
				<B>255</B>
		</TextColor>
		<NoWrap>true</NoWrap>
		<AlignCenter>false</AlignCenter>
		<AlignRight>true</AlignRight>
		<AlignLeft>false</AlignLeft>
	</Label>
	<Label item ="Target_PetHPPercentSymbol2">
		<!--<Font>3</Font>-->
		<RelativePosition>true</RelativePosition>
		<Location>
			<X>110</X>
			<Y>23</Y>
		</Location>
		<Size>
			<CX>35</CX>
			<CY>14</CY>
		</Size>
		<Text>%</Text>
		<TextColor>
				<R>255</R>
				<G>255</G>
				<B>255</B>
		</TextColor>
		<NoWrap>true</NoWrap>
		<AlignCenter>false</AlignCenter>
		<AlignRight>true</AlignRight>
		<AlignLeft>false</AlignLeft>
	</Label>


<!-- HoTT -->

	<Gauge item = "TargetOfTarget_HP2">
		<ScreenID>TargetOfTarget_HP</ScreenID>
		<Font>3</Font>
		<TextColor>
			<R>240</R>
			<G>240</G>
			<B>240</B>
		</TextColor>
		<RelativePosition>true</RelativePosition>
		<Location>
			<X>0</X>
			<Y>33</Y>
		</Location>
		<Size>
			<CX>108</CX>
			<CY>24</CY>
		</Size>
		<GaugeOffsetX>5</GaugeOffsetX>
		<GaugeOffsetY>12</GaugeOffsetY>
		<TextOffsetX>5</TextOffsetX>
		<Style_VScroll>false</Style_VScroll>
		<Style_HScroll>false</Style_HScroll>
		<Style_Transparent>false</Style_Transparent>
		<TooltipReference/>
		<FillTint>
			<R>240</R>
			<G>0</G>
			<B>0</B>
		</FillTint>
		<LinesFillTint>
			<R>220</R>
			<G>220</G>
			<B>0</B>
		</LinesFillTint>
		<DrawLinesFill>false</DrawLinesFill>
		<EQType>27</EQType>
		<GaugeDrawTemplate>
			<Background>A_GaugeBackground</Background>
			<Fill>A_GaugeFill</Fill>
			<Lines>A_GaugeLines</Lines>
			<LinesFill>A_GaugeLinesFill</LinesFill>
			<EndCapLeft>A_GaugeEndCapLeft</EndCapLeft>
			<EndCapRight>A_GaugeEndCapRight</EndCapRight>
		</GaugeDrawTemplate>

	</Gauge>

	<Label item ="TargetOfTarget_HPLabel2">
		<ScreenID>TargetOfTarget_HPLabel</ScreenID>
		<EQType>120</EQType>
		<RelativePosition>true</RelativePosition>
		<Font>3</Font>
		<Location>
			<X>100</X>
			<Y>40</Y>
		</Location>
		<Size>
			<CX>35</CX>
			<CY>15</CY>
		</Size>
		<Text></Text>
		<TextColor>
				<R>255</R>
				<G>255</G>
				<B>255</B>
		</TextColor>
		<NoWrap>true</NoWrap>
		<AlignCenter>false</AlignCenter>
		<AlignRight>true</AlignRight>
	</Label>

	<Label item ="TargetOfTarget_HPPercLabel2">
		<ScreenID>TargetOfTarget_HPPercLabel</ScreenID>
		<RelativePosition>true</RelativePosition>
		<Font>3</Font>
		<Location>
			<X>134</X>
			<Y>40</Y>
		</Location>
		<Size>
			<CX>35</CX>
			<CY>15</CY>
		</Size>
		<Text>%</Text>
		<TextColor>
				<R>255</R>
				<G>255</G>
				<B>255</B>
		</TextColor>
		<NoWrap>true</NoWrap>
		<AlignCenter>false</AlignCenter>
		<AlignRight>false</AlignRight>
	</Label>

	<Gauge item="MY_Casting_Gauge2">
		<ScreenID>Gauge</ScreenID>
		<!--<Font>3</Font> -->
		<RelativePosition>true</RelativePosition>
		<Location>
			<X>0</X>
			<Y>55</Y>
		</Location>
		<Size>
			<CX>108</CX>
			<CY>10</CY>
		</Size>
		<GaugeOffsetY>0</GaugeOffsetY>
		<Style_VScroll>false</Style_VScroll>
		<Style_HScroll>false</Style_HScroll>
		<Style_Transparent>false</Style_Transparent>
		<!--<TooltipReference/>-->
		<FillTint>
			<R>240</R>
			<G>0</G>
			<B>240</B>
		</FillTint>
		<LinesFillTint>
			<R>0</R>
			<G>0</G>
			<B>0</B>
		</LinesFillTint>
		<DrawLinesFill>false</DrawLinesFill>
		<EQType>7</EQType>
		<GaugeDrawTemplate>
			<Background>A_GaugeBackground</Background>
			<Fill>A_GaugeFill</Fill>
			<Lines>A_GaugeLines</Lines>
			<LinesFill>A_GaugeLinesFill</LinesFill>
			<EndCapLeft>A_GaugeEndCapLeft</EndCapLeft>
			<EndCapRight>A_GaugeEndCapRight</EndCapRight>
		</GaugeDrawTemplate>
	</Gauge>

<TextureInfo item = "TargetBox.tga">
<Size>
<CX>128</CX>
<CY>32</CY>
</Size>
</TextureInfo>

<Button item="Target_Buff0_Button">
		<ScreenID>Buff0</ScreenID>
		<Size>
			<CX>24</CX>
			<CY>24</CY>
		</Size>
		<Style_VScroll>false</Style_VScroll>
		<Style_HScroll>false</Style_HScroll>
		<Style_Transparent>false</Style_Transparent>
		<Style_Checkbox>false</Style_Checkbox>
		<DecalOffset>
			<X>2</X>
			<Y>2</Y>
		</DecalOffset>
		<DecalSize>
			<CX>20</CX>
			<CY>20</CY>
		</DecalSize>
	</Button>
	<Button item="Target_Buff1_Button">
		<ScreenID>Buff1</ScreenID>
		<Size>
			<CX>24</CX>
			<CY>24</CY>
		</Size>
		<Style_VScroll>false</Style_VScroll>
		<Style_HScroll>false</Style_HScroll>
		<Style_Transparent>false</Style_Transparent>
		<Style_Checkbox>false</Style_Checkbox>
		<DecalOffset>
			<X>2</X>
			<Y>2</Y>
		</DecalOffset>
		<DecalSize>
			<CX>20</CX>
			<CY>20</CY>
		</DecalSize>
	</Button>
	<Button item="Target_Buff2_Button">
		<ScreenID>Buff2</ScreenID>
		<Size>
			<CX>24</CX>
			<CY>24</CY>
		</Size>
		<Style_VScroll>false</Style_VScroll>
		<Style_HScroll>false</Style_HScroll>
		<Style_Transparent>false</Style_Transparent>
		<Style_Checkbox>false</Style_Checkbox>
		<DecalOffset>
			<X>2</X>
			<Y>2</Y>
		</DecalOffset>
		<DecalSize>
			<CX>20</CX>
			<CY>20</CY>
		</DecalSize>
	</Button>
	<Button item="Target_Buff3_Button">
		<ScreenID>Buff3</ScreenID>
		<Size>
			<CX>24</CX>
			<CY>24</CY>
		</Size>
		<Style_VScroll>false</Style_VScroll>
		<Style_HScroll>false</Style_HScroll>
		<Style_Transparent>false</Style_Transparent>
		<Style_Checkbox>false</Style_Checkbox>
		<DecalOffset>
			<X>2</X>
			<Y>2</Y>
		</DecalOffset>
		<DecalSize>
			<CX>20</CX>
			<CY>20</CY>
		</DecalSize>
	</Button>
	<Button item="Target_Buff4_Button">
		<ScreenID>Buff4</ScreenID>
		<Size>
			<CX>24</CX>
			<CY>24</CY>
		</Size>
		<Style_VScroll>false</Style_VScroll>
		<Style_HScroll>false</Style_HScroll>
		<Style_Transparent>false</Style_Transparent>
		<Style_Checkbox>false</Style_Checkbox>
		<DecalOffset>
			<X>2</X>
			<Y>2</Y>
		</DecalOffset>
		<DecalSize>
			<CX>20</CX>
			<CY>20</CY>
		</DecalSize>
	</Button>
	<Button item="Target_Buff5_Button">
		<ScreenID>Buff5</ScreenID>
		<Size>
			<CX>24</CX>
			<CY>24</CY>
		</Size>
		<Style_VScroll>false</Style_VScroll>
		<Style_HScroll>false</Style_HScroll>
		<Style_Transparent>false</Style_Transparent>
		<Style_Checkbox>false</Style_Checkbox>
		<DecalOffset>
			<X>2</X>
			<Y>2</Y>
		</DecalOffset>
		<DecalSize>
			<CX>20</CX>
			<CY>20</CY>
		</DecalSize>
	</Button>
	<Button item="Target_Buff6_Button">
		<ScreenID>Buff6</ScreenID>
		<Size>
			<CX>24</CX>
			<CY>24</CY>
		</Size>
		<Style_VScroll>false</Style_VScroll>
		<Style_HScroll>false</Style_HScroll>
		<Style_Transparent>false</Style_Transparent>
		<Style_Checkbox>false</Style_Checkbox>
		<DecalOffset>
			<X>2</X>
			<Y>2</Y>
		</DecalOffset>
		<DecalSize>
			<CX>20</CX>
			<CY>20</CY>
		</DecalSize>
	</Button>
	<Button item="Target_Buff7_Button">
		<ScreenID>Buff7</ScreenID>
		<Size>
			<CX>24</CX>
			<CY>24</CY>
		</Size>
		<Style_VScroll>false</Style_VScroll>
		<Style_HScroll>false</Style_HScroll>
		<Style_Transparent>false</Style_Transparent>
		<Style_Checkbox>false</Style_Checkbox>
		<DecalOffset>
			<X>2</X>
			<Y>2</Y>
		</DecalOffset>
		<DecalSize>
			<CX>20</CX>
			<CY>20</CY>
		</DecalSize>
	</Button>
	<Button item="Target_Buff8_Button">
		<ScreenID>Buff8</ScreenID>
		<Size>
			<CX>24</CX>
			<CY>24</CY>
		</Size>
		<Style_VScroll>false</Style_VScroll>
		<Style_HScroll>false</Style_HScroll>
		<Style_Transparent>false</Style_Transparent>
		<Style_Checkbox>false</Style_Checkbox>
		<DecalOffset>
			<X>2</X>
			<Y>2</Y>
		</DecalOffset>
		<DecalSize>
			<CX>20</CX>
			<CY>20</CY>
		</DecalSize>
	</Button>
	<Button item="Target_Buff9_Button">
		<ScreenID>Buff9</ScreenID>
		<Size>
			<CX>24</CX>
			<CY>24</CY>
		</Size>
		<Style_VScroll>false</Style_VScroll>
		<Style_HScroll>false</Style_HScroll>
		<Style_Transparent>false</Style_Transparent>
		<Style_Checkbox>false</Style_Checkbox>
		<DecalOffset>
			<X>2</X>
			<Y>2</Y>
		</DecalOffset>
		<DecalSize>
			<CX>20</CX>
			<CY>20</CY>
		</DecalSize>
	</Button>
	<Button item="Target_Buff10_Button">
		<ScreenID>Buff10</ScreenID>
		<Size>
			<CX>24</CX>
			<CY>24</CY>
		</Size>
		<Style_VScroll>false</Style_VScroll>
		<Style_HScroll>false</Style_HScroll>
		<Style_Transparent>false</Style_Transparent>
		<Style_Checkbox>false</Style_Checkbox>
		<DecalOffset>
			<X>2</X>
			<Y>2</Y>
		</DecalOffset>
		<DecalSize>
			<CX>20</CX>
			<CY>20</CY>
		</DecalSize>
	</Button>
	<Button item="Target_Buff11_Button">
		<ScreenID>Buff11</ScreenID>
		<Size>
			<CX>24</CX>
			<CY>24</CY>
		</Size>
		<Style_VScroll>false</Style_VScroll>
		<Style_HScroll>false</Style_HScroll>
		<Style_Transparent>false</Style_Transparent>
		<Style_Checkbox>false</Style_Checkbox>
		<DecalOffset>
			<X>2</X>
			<Y>2</Y>
		</DecalOffset>
		<DecalSize>
			<CX>20</CX>
			<CY>20</CY>
		</DecalSize>
	</Button>
	<Button item="Target_Buff12_Button">
		<ScreenID>Buff12</ScreenID>
		<Size>
			<CX>24</CX>
			<CY>24</CY>
		</Size>
		<Style_VScroll>false</Style_VScroll>
		<Style_HScroll>false</Style_HScroll>
		<Style_Transparent>false</Style_Transparent>
		<Style_Checkbox>false</Style_Checkbox>
		<DecalOffset>
			<X>2</X>
			<Y>2</Y>
		</DecalOffset>
		<DecalSize>
			<CX>20</CX>
			<CY>20</CY>
		</DecalSize>
	</Button>
	<Button item="Target_Buff13_Button">
		<ScreenID>Buff13</ScreenID>
		<Size>
			<CX>24</CX>
			<CY>24</CY>
		</Size>
		<Style_VScroll>false</Style_VScroll>
		<Style_HScroll>false</Style_HScroll>
		<Style_Transparent>false</Style_Transparent>
		<Style_Checkbox>false</Style_Checkbox>
		<DecalOffset>
			<X>2</X>
			<Y>2</Y>
		</DecalOffset>
		<DecalSize>
			<CX>20</CX>
			<CY>20</CY>
		</DecalSize>
	</Button>
	<Button item="Target_Buff14_Button">
		<ScreenID>Buff14</ScreenID>
		<Size>
			<CX>24</CX>
			<CY>24</CY>
		</Size>
		<Style_VScroll>false</Style_VScroll>
		<Style_HScroll>false</Style_HScroll>
		<Style_Transparent>false</Style_Transparent>
		<Style_Checkbox>false</Style_Checkbox>
		<DecalOffset>
			<X>2</X>
			<Y>2</Y>
		</DecalOffset>
		<DecalSize>
			<CX>20</CX>
			<CY>20</CY>
		</DecalSize>
	</Button>
	<Button item="Target_Buff15_Button">
		<ScreenID>Buff15</ScreenID>
		<Size>
			<CX>24</CX>
			<CY>24</CY>
		</Size>
		<Style_VScroll>false</Style_VScroll>
		<Style_HScroll>false</Style_HScroll>
		<Style_Transparent>false</Style_Transparent>
		<Style_Checkbox>false</Style_Checkbox>
		<DecalOffset>
			<X>2</X>
			<Y>2</Y>
		</DecalOffset>
		<DecalSize>
			<CX>20</CX>
			<CY>20</CY>
		</DecalSize>
	</Button>
	<Button item="Target_Buff16_Button">
		<ScreenID>Buff16</ScreenID>
		<Size>
			<CX>24</CX>
			<CY>24</CY>
		</Size>
		<Style_VScroll>false</Style_VScroll>
		<Style_HScroll>false</Style_HScroll>
		<Style_Transparent>false</Style_Transparent>
		<Style_Checkbox>false</Style_Checkbox>
		<DecalOffset>
			<X>2</X>
			<Y>2</Y>
		</DecalOffset>
		<DecalSize>
			<CX>20</CX>
			<CY>20</CY>
		</DecalSize>
	</Button>
	<Button item="Target_Buff17_Button">
		<ScreenID>Buff17</ScreenID>
		<Size>
			<CX>24</CX>
			<CY>24</CY>
		</Size>
		<Style_VScroll>false</Style_VScroll>
		<Style_HScroll>false</Style_HScroll>
		<Style_Transparent>false</Style_Transparent>
		<Style_Checkbox>false</Style_Checkbox>
		<DecalOffset>
			<X>2</X>
			<Y>2</Y>
		</DecalOffset>
		<DecalSize>
			<CX>20</CX>
			<CY>20</CY>
		</DecalSize>
	</Button>
	<Button item="Target_Buff18_Button">
		<ScreenID>Buff18</ScreenID>
		<Size>
			<CX>24</CX>
			<CY>24</CY>
		</Size>
		<Style_VScroll>false</Style_VScroll>
		<Style_HScroll>false</Style_HScroll>
		<Style_Transparent>false</Style_Transparent>
		<Style_Checkbox>false</Style_Checkbox>
		<DecalOffset>
			<X>2</X>
			<Y>2</Y>
		</DecalOffset>
		<DecalSize>
			<CX>20</CX>
			<CY>20</CY>
		</DecalSize>
	</Button>
	<Button item="Target_Buff19_Button">
		<ScreenID>Buff19</ScreenID>
		<Size>
			<CX>24</CX>
			<CY>24</CY>
		</Size>
		<Style_VScroll>false</Style_VScroll>
		<Style_HScroll>false</Style_HScroll>
		<Style_Transparent>false</Style_Transparent>
		<Style_Checkbox>false</Style_Checkbox>
		<DecalOffset>
			<X>2</X>
			<Y>2</Y>
		</DecalOffset>
		<DecalSize>
			<CX>20</CX>
			<CY>20</CY>
		</DecalSize>
	</Button>
	<Button item="Target_Buff20_Button">
		<ScreenID>Buff20</ScreenID>
		<Size>
			<CX>24</CX>
			<CY>24</CY>
		</Size>
		<Style_VScroll>false</Style_VScroll>
		<Style_HScroll>false</Style_HScroll>
		<Style_Transparent>false</Style_Transparent>
		<Style_Checkbox>false</Style_Checkbox>
		<DecalOffset>
			<X>2</X>
			<Y>2</Y>
		</DecalOffset>
		<DecalSize>
			<CX>20</CX>
			<CY>20</CY>
		</DecalSize>
	</Button>
	<Button item="Target_Buff21_Button">
		<ScreenID>Buff21</ScreenID>
		<Size>
			<CX>24</CX>
			<CY>24</CY>
		</Size>
		<Style_VScroll>false</Style_VScroll>
		<Style_HScroll>false</Style_HScroll>
		<Style_Transparent>false</Style_Transparent>
		<Style_Checkbox>false</Style_Checkbox>
		<DecalOffset>
			<X>2</X>
			<Y>2</Y>
		</DecalOffset>
		<DecalSize>
			<CX>20</CX>
			<CY>20</CY>
		</DecalSize>
	</Button>
	<Button item="Target_Buff22_Button">
		<ScreenID>Buff22</ScreenID>
		<Size>
			<CX>24</CX>
			<CY>24</CY>
		</Size>
		<Style_VScroll>false</Style_VScroll>
		<Style_HScroll>false</Style_HScroll>
		<Style_Transparent>false</Style_Transparent>
		<Style_Checkbox>false</Style_Checkbox>
		<DecalOffset>
			<X>2</X>
			<Y>2</Y>
		</DecalOffset>
		<DecalSize>
			<CX>20</CX>
			<CY>20</CY>
		</DecalSize>
	</Button>
	<Button item="Target_Buff23_Button">
		<ScreenID>Buff23</ScreenID>
		<Size>
			<CX>24</CX>
			<CY>24</CY>
		</Size>
		<Style_VScroll>false</Style_VScroll>
		<Style_HScroll>false</Style_HScroll>
		<Style_Transparent>false</Style_Transparent>
		<Style_Checkbox>false</Style_Checkbox>
		<DecalOffset>
			<X>2</X>
			<Y>2</Y>
		</DecalOffset>
		<DecalSize>
			<CX>20</CX>
			<CY>20</CY>
		</DecalSize>
	</Button>
	<Button item="Target_Buff24_Button">
		<ScreenID>Buff24</ScreenID>
		<Size>
			<CX>24</CX>
			<CY>24</CY>
		</Size>
		<Style_VScroll>false</Style_VScroll>
		<Style_HScroll>false</Style_HScroll>
		<Style_Transparent>false</Style_Transparent>
		<Style_Checkbox>false</Style_Checkbox>
		<DecalOffset>
			<X>2</X>
			<Y>2</Y>
		</DecalOffset>
		<DecalSize>
			<CX>20</CX>
			<CY>20</CY>
		</DecalSize>
	</Button>
	<Button item="Target_Buff25_Button">
		<ScreenID>Buff25</ScreenID>
		<Size>
			<CX>24</CX>
			<CY>24</CY>
		</Size>
		<Style_VScroll>false</Style_VScroll>
		<Style_HScroll>false</Style_HScroll>
		<Style_Transparent>false</Style_Transparent>
		<Style_Checkbox>false</Style_Checkbox>
		<DecalOffset>
			<X>2</X>
			<Y>2</Y>
		</DecalOffset>
		<DecalSize>
			<CX>20</CX>
			<CY>20</CY>
		</DecalSize>
	</Button>
	<Button item="Target_Buff26_Button">
		<ScreenID>Buff26</ScreenID>
		<Size>
			<CX>24</CX>
			<CY>24</CY>
		</Size>
		<Style_VScroll>false</Style_VScroll>
		<Style_HScroll>false</Style_HScroll>
		<Style_Transparent>false</Style_Transparent>
		<Style_Checkbox>false</Style_Checkbox>
		<DecalOffset>
			<X>2</X>
			<Y>2</Y>
		</DecalOffset>
		<DecalSize>
			<CX>20</CX>
			<CY>20</CY>
		</DecalSize>
	</Button>
	<Button item="Target_Buff27_Button">
		<ScreenID>Buff27</ScreenID>
		<Size>
			<CX>24</CX>
			<CY>24</CY>
		</Size>
		<Style_VScroll>false</Style_VScroll>
		<Style_HScroll>false</Style_HScroll>
		<Style_Transparent>false</Style_Transparent>
		<Style_Checkbox>false</Style_Checkbox>
		<DecalOffset>
			<X>2</X>
			<Y>2</Y>
		</DecalOffset>
		<DecalSize>
			<CX>20</CX>
			<CY>20</CY>
		</DecalSize>
	</Button>
	<Button item="Target_Buff28_Button">
		<ScreenID>Buff28</ScreenID>
		<Size>
			<CX>24</CX>
			<CY>24</CY>
		</Size>
		<Style_VScroll>false</Style_VScroll>
		<Style_HScroll>false</Style_HScroll>
		<Style_Transparent>false</Style_Transparent>
		<Style_Checkbox>false</Style_Checkbox>
		<DecalOffset>
			<X>2</X>
			<Y>2</Y>
		</DecalOffset>
		<DecalSize>
			<CX>20</CX>
			<CY>20</CY>
		</DecalSize>
	</Button>
	<Button item="Target_Buff29_Button">
		<ScreenID>Buff29</ScreenID>
		<Size>
			<CX>24</CX>
			<CY>24</CY>
		</Size>
		<Style_VScroll>false</Style_VScroll>
		<Style_HScroll>false</Style_HScroll>
		<Style_Transparent>false</Style_Transparent>
		<Style_Checkbox>false</Style_Checkbox>
		<DecalOffset>
			<X>2</X>
			<Y>2</Y>
		</DecalOffset>
		<DecalSize>
			<CX>20</CX>
			<CY>20</CY>
		</DecalSize>
	</Button>
	<Button item="Target_Buff30_Button">
		<ScreenID>Buff30</ScreenID>
		<Size>
			<CX>24</CX>
			<CY>24</CY>
		</Size>
		<Style_VScroll>false</Style_VScroll>
		<Style_HScroll>false</Style_HScroll>
		<Style_Transparent>false</Style_Transparent>
		<Style_Checkbox>false</Style_Checkbox>
		<DecalOffset>
			<X>2</X>
			<Y>2</Y>
		</DecalOffset>
		<DecalSize>
			<CX>20</CX>
			<CY>20</CY>
		</DecalSize>
	</Button>
	<Button item="Target_Buff31_Button">
		<ScreenID>Buff31</ScreenID>
		<Size>
			<CX>24</CX>
			<CY>24</CY>
		</Size>
		<Style_VScroll>false</Style_VScroll>
		<Style_HScroll>false</Style_HScroll>
		<Style_Transparent>false</Style_Transparent>
		<Style_Checkbox>false</Style_Checkbox>
		<DecalOffset>
			<X>2</X>
			<Y>2</Y>
		</DecalOffset>
		<DecalSize>
			<CX>20</CX>
			<CY>20</CY>
		</DecalSize>
	</Button>
	<Button item="Target_Buff32_Button">
		<ScreenID>Buff32</ScreenID>
		<Size>
			<CX>24</CX>
			<CY>24</CY>
		</Size>
		<Style_VScroll>false</Style_VScroll>
		<Style_HScroll>false</Style_HScroll>
		<Style_Transparent>false</Style_Transparent>
		<Style_Checkbox>false</Style_Checkbox>
		<DecalOffset>
			<X>2</X>
			<Y>2</Y>
		</DecalOffset>
		<DecalSize>
			<CX>20</CX>
			<CY>20</CY>
		</DecalSize>
	</Button>
	<Button item="Target_Buff33_Button">
		<ScreenID>Buff33</ScreenID>
		<Size>
			<CX>24</CX>
			<CY>24</CY>
		</Size>
		<Style_VScroll>false</Style_VScroll>
		<Style_HScroll>false</Style_HScroll>
		<Style_Transparent>false</Style_Transparent>
		<Style_Checkbox>false</Style_Checkbox>
		<DecalOffset>
			<X>2</X>
			<Y>2</Y>
		</DecalOffset>
		<DecalSize>
			<CX>20</CX>
			<CY>20</CY>
		</DecalSize>
	</Button>
	<Button item="Target_Buff34_Button">
		<ScreenID>Buff34</ScreenID>
		<Size>
			<CX>24</CX>
			<CY>24</CY>
		</Size>
		<Style_VScroll>false</Style_VScroll>
		<Style_HScroll>false</Style_HScroll>
		<Style_Transparent>false</Style_Transparent>
		<Style_Checkbox>false</Style_Checkbox>
		<DecalOffset>
			<X>2</X>
			<Y>2</Y>
		</DecalOffset>
		<DecalSize>
			<CX>20</CX>
			<CY>20</CY>
		</DecalSize>
	</Button>
	<Button item="Target_Buff35_Button">
		<ScreenID>Buff35</ScreenID>
		<Size>
			<CX>24</CX>
			<CY>24</CY>
		</Size>
		<Style_VScroll>false</Style_VScroll>
		<Style_HScroll>false</Style_HScroll>
		<Style_Transparent>false</Style_Transparent>
		<Style_Checkbox>false</Style_Checkbox>
		<DecalOffset>
			<X>2</X>
			<Y>2</Y>
		</DecalOffset>
		<DecalSize>
			<CX>20</CX>
			<CY>20</CY>
		</DecalSize>
	</Button>
	<Button item="Target_Buff36_Button">
		<ScreenID>Buff36</ScreenID>
		<Size>
			<CX>24</CX>
			<CY>24</CY>
		</Size>
		<Style_VScroll>false</Style_VScroll>
		<Style_HScroll>false</Style_HScroll>
		<Style_Transparent>false</Style_Transparent>
		<Style_Checkbox>false</Style_Checkbox>
		<DecalOffset>
			<X>2</X>
			<Y>2</Y>
		</DecalOffset>
		<DecalSize>
			<CX>20</CX>
			<CY>20</CY>
		</DecalSize>
	</Button>
	<Button item="Target_Buff37_Button">
		<ScreenID>Buff37</ScreenID>
		<Size>
			<CX>24</CX>
			<CY>24</CY>
		</Size>
		<Style_VScroll>false</Style_VScroll>
		<Style_HScroll>false</Style_HScroll>
		<Style_Transparent>false</Style_Transparent>
		<Style_Checkbox>false</Style_Checkbox>
		<DecalOffset>
			<X>2</X>
			<Y>2</Y>
		</DecalOffset>
		<DecalSize>
			<CX>20</CX>
			<CY>20</CY>
		</DecalSize>
	</Button>
	<Button item="Target_Buff38_Button">
		<ScreenID>Buff38</ScreenID>
		<Size>
			<CX>24</CX>
			<CY>24</CY>
		</Size>
		<Style_VScroll>false</Style_VScroll>
		<Style_HScroll>false</Style_HScroll>
		<Style_Transparent>false</Style_Transparent>
		<Style_Checkbox>false</Style_Checkbox>
		<DecalOffset>
			<X>2</X>
			<Y>2</Y>
		</DecalOffset>
		<DecalSize>
			<CX>20</CX>
			<CY>20</CY>
		</DecalSize>
	</Button>
	<Button item="Target_Buff39_Button">
		<ScreenID>Buff39</ScreenID>
		<Size>
			<CX>24</CX>
			<CY>24</CY>
		</Size>
		<Style_VScroll>false</Style_VScroll>
		<Style_HScroll>false</Style_HScroll>
		<Style_Transparent>false</Style_Transparent>
		<Style_Checkbox>false</Style_Checkbox>
		<DecalOffset>
			<X>2</X>
			<Y>2</Y>
		</DecalOffset>
		<DecalSize>
			<CX>20</CX>
			<CY>20</CY>
		</DecalSize>
	</Button>
	<Button item="Target_Buff40_Button">
		<ScreenID>Buff40</ScreenID>
		<Size>
			<CX>24</CX>
			<CY>24</CY>
		</Size>
		<Style_VScroll>false</Style_VScroll>
		<Style_HScroll>false</Style_HScroll>
		<Style_Transparent>false</Style_Transparent>
		<Style_Checkbox>false</Style_Checkbox>
		<DecalOffset>
			<X>2</X>
			<Y>2</Y>
		</DecalOffset>
		<DecalSize>
			<CX>20</CX>
			<CY>20</CY>
		</DecalSize>
	</Button>
	<Button item="Target_Buff41_Button">
		<ScreenID>Buff41</ScreenID>
		<Size>
			<CX>24</CX>
			<CY>24</CY>
		</Size>
		<Style_VScroll>false</Style_VScroll>
		<Style_HScroll>false</Style_HScroll>
		<Style_Transparent>false</Style_Transparent>
		<Style_Checkbox>false</Style_Checkbox>
		<DecalOffset>
			<X>2</X>
			<Y>2</Y>
		</DecalOffset>
		<DecalSize>
			<CX>20</CX>
			<CY>20</CY>
		</DecalSize>
	</Button>
	<Button item="Target_Buff42_Button">
		<ScreenID>Buff42</ScreenID>
		<Size>
			<CX>24</CX>
			<CY>24</CY>
		</Size>
		<Style_VScroll>false</Style_VScroll>
		<Style_HScroll>false</Style_HScroll>
		<Style_Transparent>false</Style_Transparent>
		<Style_Checkbox>false</Style_Checkbox>
		<DecalOffset>
			<X>2</X>
			<Y>2</Y>
		</DecalOffset>
		<DecalSize>
			<CX>20</CX>
			<CY>20</CY>
		</DecalSize>
	</Button>
	<Button item="Target_Buff43_Button">
		<ScreenID>Buff43</ScreenID>
		<Size>
			<CX>24</CX>
			<CY>24</CY>
		</Size>
		<Style_VScroll>false</Style_VScroll>
		<Style_HScroll>false</Style_HScroll>
		<Style_Transparent>false</Style_Transparent>
		<Style_Checkbox>false</Style_Checkbox>
		<DecalOffset>
			<X>2</X>
			<Y>2</Y>
		</DecalOffset>
		<DecalSize>
			<CX>20</CX>
			<CY>20</CY>
		</DecalSize>
	</Button>
	<Button item="Target_Buff44_Button">
		<ScreenID>Buff44</ScreenID>
		<Size>
			<CX>24</CX>
			<CY>24</CY>
		</Size>
		<Style_VScroll>false</Style_VScroll>
		<Style_HScroll>false</Style_HScroll>
		<Style_Transparent>false</Style_Transparent>
		<Style_Checkbox>false</Style_Checkbox>
		<DecalOffset>
			<X>2</X>
			<Y>2</Y>
		</DecalOffset>
		<DecalSize>
			<CX>20</CX>
			<CY>20</CY>
		</DecalSize>
	</Button>
	<Button item="Target_Buff45_Button">
		<ScreenID>Buff45</ScreenID>
		<Size>
			<CX>24</CX>
			<CY>24</CY>
		</Size>
		<Style_VScroll>false</Style_VScroll>
		<Style_HScroll>false</Style_HScroll>
		<Style_Transparent>false</Style_Transparent>
		<Style_Checkbox>false</Style_Checkbox>
		<DecalOffset>
			<X>2</X>
			<Y>2</Y>
		</DecalOffset>
		<DecalSize>
			<CX>20</CX>
			<CY>20</CY>
		</DecalSize>
	</Button>
	<Button item="Target_Buff46_Button">
		<ScreenID>Buff46</ScreenID>
		<Size>
			<CX>24</CX>
			<CY>24</CY>
		</Size>
		<Style_VScroll>false</Style_VScroll>
		<Style_HScroll>false</Style_HScroll>
		<Style_Transparent>false</Style_Transparent>
		<Style_Checkbox>false</Style_Checkbox>
		<DecalOffset>
			<X>2</X>
			<Y>2</Y>
		</DecalOffset>
		<DecalSize>
			<CX>20</CX>
			<CY>20</CY>
		</DecalSize>
	</Button>
	<Button item="Target_Buff47_Button">
		<ScreenID>Buff47</ScreenID>
		<Size>
			<CX>24</CX>
			<CY>24</CY>
		</Size>
		<Style_VScroll>false</Style_VScroll>
		<Style_HScroll>false</Style_HScroll>
		<Style_Transparent>false</Style_Transparent>
		<Style_Checkbox>false</Style_Checkbox>
		<DecalOffset>
			<X>2</X>
			<Y>2</Y>
		</DecalOffset>
		<DecalSize>
			<CX>20</CX>
			<CY>20</CY>
		</DecalSize>
	</Button>
	<Button item="Target_Buff48_Button">
		<ScreenID>Buff48</ScreenID>
		<Size>
			<CX>24</CX>
			<CY>24</CY>
		</Size>
		<Style_VScroll>false</Style_VScroll>
		<Style_HScroll>false</Style_HScroll>
		<Style_Transparent>false</Style_Transparent>
		<Style_Checkbox>false</Style_Checkbox>
		<DecalOffset>
			<X>2</X>
			<Y>2</Y>
		</DecalOffset>
		<DecalSize>
			<CX>20</CX>
			<CY>20</CY>
		</DecalSize>
	</Button>
	<Button item="Target_Buff49_Button">
		<ScreenID>Buff49</ScreenID>
		<Size>
			<CX>24</CX>
			<CY>24</CY>
		</Size>
		<Style_VScroll>false</Style_VScroll>
		<Style_HScroll>false</Style_HScroll>
		<Style_Transparent>false</Style_Transparent>
		<Style_Checkbox>false</Style_Checkbox>
		<DecalOffset>
			<X>2</X>
			<Y>2</Y>
		</DecalOffset>
		<DecalSize>
			<CX>20</CX>
			<CY>20</CY>
		</DecalSize>
	</Button>
	<Button item="Target_Buff50_Button">
		<ScreenID>Buff50</ScreenID>
		<Size>
			<CX>24</CX>
			<CY>24</CY>
		</Size>
		<Style_VScroll>false</Style_VScroll>
		<Style_HScroll>false</Style_HScroll>
		<Style_Transparent>false</Style_Transparent>
		<Style_Checkbox>false</Style_Checkbox>
		<DecalOffset>
			<X>2</X>
			<Y>2</Y>
		</DecalOffset>
		<DecalSize>
			<CX>20</CX>
			<CY>20</CY>
		</DecalSize>
	</Button>
	<Button item="Target_Buff51_Button">
		<ScreenID>Buff51</ScreenID>
		<Size>
			<CX>24</CX>
			<CY>24</CY>
		</Size>
		<Style_VScroll>false</Style_VScroll>
		<Style_HScroll>false</Style_HScroll>
		<Style_Transparent>false</Style_Transparent>
		<Style_Checkbox>false</Style_Checkbox>
		<DecalOffset>
			<X>2</X>
			<Y>2</Y>
		</DecalOffset>
		<DecalSize>
			<CX>20</CX>
			<CY>20</CY>
		</DecalSize>
	</Button>
	<Button item="Target_Buff52_Button">
		<ScreenID>Buff52</ScreenID>
		<Size>
			<CX>24</CX>
			<CY>24</CY>
		</Size>
		<Style_VScroll>false</Style_VScroll>
		<Style_HScroll>false</Style_HScroll>
		<Style_Transparent>false</Style_Transparent>
		<Style_Checkbox>false</Style_Checkbox>
		<DecalOffset>
			<X>2</X>
			<Y>2</Y>
		</DecalOffset>
		<DecalSize>
			<CX>20</CX>
			<CY>20</CY>
		</DecalSize>
	</Button>
	<Button item="Target_Buff53_Button">
		<ScreenID>Buff53</ScreenID>
		<Size>
			<CX>24</CX>
			<CY>24</CY>
		</Size>
		<Style_VScroll>false</Style_VScroll>
		<Style_HScroll>false</Style_HScroll>
		<Style_Transparent>false</Style_Transparent>
		<Style_Checkbox>false</Style_Checkbox>
		<DecalOffset>
			<X>2</X>
			<Y>2</Y>
		</DecalOffset>
		<DecalSize>
			<CX>20</CX>
			<CY>20</CY>
		</DecalSize>
	</Button>
	<Button item="Target_Buff54_Button">
		<ScreenID>Buff54</ScreenID>
		<Size>
			<CX>24</CX>
			<CY>24</CY>
		</Size>
		<Style_VScroll>false</Style_VScroll>
		<Style_HScroll>false</Style_HScroll>
		<Style_Transparent>false</Style_Transparent>
		<Style_Checkbox>false</Style_Checkbox>
		<DecalOffset>
			<X>2</X>
			<Y>2</Y>
		</DecalOffset>
		<DecalSize>
			<CX>20</CX>
			<CY>20</CY>
		</DecalSize>
	</Button>
	<Button item="Target_Buff55_Button">
		<ScreenID>Buff55</ScreenID>
		<Size>
			<CX>24</CX>
			<CY>24</CY>
		</Size>
		<Style_VScroll>false</Style_VScroll>
		<Style_HScroll>false</Style_HScroll>
		<Style_Transparent>false</Style_Transparent>
		<Style_Checkbox>false</Style_Checkbox>
		<DecalOffset>
			<X>2</X>
			<Y>2</Y>
		</DecalOffset>
		<DecalSize>
			<CX>20</CX>
			<CY>20</CY>
		</DecalSize>
	</Button>
	<Button item="Target_Buff56_Button">
		<ScreenID>Buff56</ScreenID>
		<Size>
			<CX>24</CX>
			<CY>24</CY>
		</Size>
		<Style_VScroll>false</Style_VScroll>
		<Style_HScroll>false</Style_HScroll>
		<Style_Transparent>false</Style_Transparent>
		<Style_Checkbox>false</Style_Checkbox>
		<DecalOffset>
			<X>2</X>
			<Y>2</Y>
		</DecalOffset>
		<DecalSize>
			<CX>20</CX>
			<CY>20</CY>
		</DecalSize>
	</Button>
	<Button item="Target_Buff57_Button">
		<ScreenID>Buff57</ScreenID>
		<Size>
			<CX>24</CX>
			<CY>24</CY>
		</Size>
		<Style_VScroll>false</Style_VScroll>
		<Style_HScroll>false</Style_HScroll>
		<Style_Transparent>false</Style_Transparent>
		<Style_Checkbox>false</Style_Checkbox>
		<DecalOffset>
			<X>2</X>
			<Y>2</Y>
		</DecalOffset>
		<DecalSize>
			<CX>20</CX>
			<CY>20</CY>
		</DecalSize>
	</Button>
	<Button item="Target_Buff58_Button">
		<ScreenID>Buff58</ScreenID>
		<Size>
			<CX>24</CX>
			<CY>24</CY>
		</Size>
		<Style_VScroll>false</Style_VScroll>
		<Style_HScroll>false</Style_HScroll>
		<Style_Transparent>false</Style_Transparent>
		<Style_Checkbox>false</Style_Checkbox>
		<DecalOffset>
			<X>2</X>
			<Y>2</Y>
		</DecalOffset>
		<DecalSize>
			<CX>20</CX>
			<CY>20</CY>
		</DecalSize>
	</Button>
	<Button item="Target_Buff59_Button">
		<ScreenID>Buff59</ScreenID>
		<Size>
			<CX>24</CX>
			<CY>24</CY>
		</Size>
		<Style_VScroll>false</Style_VScroll>
		<Style_HScroll>false</Style_HScroll>
		<Style_Transparent>false</Style_Transparent>
		<Style_Checkbox>false</Style_Checkbox>
		<DecalOffset>
			<X>2</X>
			<Y>2</Y>
		</DecalOffset>
		<DecalSize>
			<CX>20</CX>
			<CY>20</CY>
		</DecalSize>
	</Button>
	<Button item="Target_Buff60_Button">
		<ScreenID>Buff60</ScreenID>
		<Size>
			<CX>24</CX>
			<CY>24</CY>
		</Size>
		<Style_VScroll>false</Style_VScroll>
		<Style_HScroll>false</Style_HScroll>
		<Style_Transparent>false</Style_Transparent>
		<Style_Checkbox>false</Style_Checkbox>
		<DecalOffset>
			<X>2</X>
			<Y>2</Y>
		</DecalOffset>
		<DecalSize>
			<CX>20</CX>
			<CY>20</CY>
		</DecalSize>
	</Button>
	<Button item="Target_Buff61_Button">
		<ScreenID>Buff61</ScreenID>
		<Size>
			<CX>24</CX>
			<CY>24</CY>
		</Size>
		<Style_VScroll>false</Style_VScroll>
		<Style_HScroll>false</Style_HScroll>
		<Style_Transparent>false</Style_Transparent>
		<Style_Checkbox>false</Style_Checkbox>
		<DecalOffset>
			<X>2</X>
			<Y>2</Y>
		</DecalOffset>
		<DecalSize>
			<CX>20</CX>
			<CY>20</CY>
		</DecalSize>
	</Button>
	<Button item="Target_Buff62_Button">
		<ScreenID>Buff62</ScreenID>
		<Size>
			<CX>24</CX>
			<CY>24</CY>
		</Size>
		<Style_VScroll>false</Style_VScroll>
		<Style_HScroll>false</Style_HScroll>
		<Style_Transparent>false</Style_Transparent>
		<Style_Checkbox>false</Style_Checkbox>
		<DecalOffset>
			<X>2</X>
			<Y>2</Y>
		</DecalOffset>
		<DecalSize>
			<CX>20</CX>
			<CY>20</CY>
		</DecalSize>
	</Button>
	<Button item="Target_Buff63_Button">
		<ScreenID>Buff63</ScreenID>
		<Size>
			<CX>24</CX>
			<CY>24</CY>
		</Size>
		<Style_VScroll>false</Style_VScroll>
		<Style_HScroll>false</Style_HScroll>
		<Style_Transparent>false</Style_Transparent>
		<Style_Checkbox>false</Style_Checkbox>
		<DecalOffset>
			<X>2</X>
			<Y>2</Y>
		</DecalOffset>
		<DecalSize>
			<CX>20</CX>
			<CY>20</CY>
		</DecalSize>
	</Button>
	<Button item="Target_Buff64_Button">
		<ScreenID>Buff64</ScreenID>
		<Size>
			<CX>24</CX>
			<CY>24</CY>
		</Size>
		<Style_VScroll>false</Style_VScroll>
		<Style_HScroll>false</Style_HScroll>
		<Style_Transparent>false</Style_Transparent>
		<Style_Checkbox>false</Style_Checkbox>
		<DecalOffset>
			<X>2</X>
			<Y>2</Y>
		</DecalOffset>
		<DecalSize>
			<CX>20</CX>
			<CY>20</CY>
		</DecalSize>
	</Button>
	<Button item="Target_Buff65_Button">
		<ScreenID>Buff65</ScreenID>
		<Size>
			<CX>24</CX>
			<CY>24</CY>
		</Size>
		<Style_VScroll>false</Style_VScroll>
		<Style_HScroll>false</Style_HScroll>
		<Style_Transparent>false</Style_Transparent>
		<Style_Checkbox>false</Style_Checkbox>
		<DecalOffset>
			<X>2</X>
			<Y>2</Y>
		</DecalOffset>
		<DecalSize>
			<CX>20</CX>
			<CY>20</CY>
		</DecalSize>
	</Button>
	<Button item="Target_Buff66_Button">
		<ScreenID>Buff66</ScreenID>
		<Size>
			<CX>24</CX>
			<CY>24</CY>
		</Size>
		<Style_VScroll>false</Style_VScroll>
		<Style_HScroll>false</Style_HScroll>
		<Style_Transparent>false</Style_Transparent>
		<Style_Checkbox>false</Style_Checkbox>
		<DecalOffset>
			<X>2</X>
			<Y>2</Y>
		</DecalOffset>
		<DecalSize>
			<CX>20</CX>
			<CY>20</CY>
		</DecalSize>
	</Button>
	<Button item="Target_Buff67_Button">
		<ScreenID>Buff67</ScreenID>
		<Size>
			<CX>24</CX>
			<CY>24</CY>
		</Size>
		<Style_VScroll>false</Style_VScroll>
		<Style_HScroll>false</Style_HScroll>
		<Style_Transparent>false</Style_Transparent>
		<Style_Checkbox>false</Style_Checkbox>
		<DecalOffset>
			<X>2</X>
			<Y>2</Y>
		</DecalOffset>
		<DecalSize>
			<CX>20</CX>
			<CY>20</CY>
		</DecalSize>
	</Button>
	<Button item="Target_Buff68_Button">
		<ScreenID>Buff68</ScreenID>
		<Size>
			<CX>24</CX>
			<CY>24</CY>
		</Size>
		<Style_VScroll>false</Style_VScroll>
		<Style_HScroll>false</Style_HScroll>
		<Style_Transparent>false</Style_Transparent>
		<Style_Checkbox>false</Style_Checkbox>
		<DecalOffset>
			<X>2</X>
			<Y>2</Y>
		</DecalOffset>
		<DecalSize>
			<CX>20</CX>
			<CY>20</CY>
		</DecalSize>
	</Button>
	<Button item="Target_Buff69_Button">
		<ScreenID>Buff69</ScreenID>
		<Size>
			<CX>24</CX>
			<CY>24</CY>
		</Size>
		<Style_VScroll>false</Style_VScroll>
		<Style_HScroll>false</Style_HScroll>
		<Style_Transparent>false</Style_Transparent>
		<Style_Checkbox>false</Style_Checkbox>
		<DecalOffset>
			<X>2</X>
			<Y>2</Y>
		</DecalOffset>
		<DecalSize>
			<CX>20</CX>
			<CY>20</CY>
		</DecalSize>
	</Button>
	<Button item="Target_Buff70_Button">
		<ScreenID>Buff70</ScreenID>
		<Size>
			<CX>24</CX>
			<CY>24</CY>
		</Size>
		<Style_VScroll>false</Style_VScroll>
		<Style_HScroll>false</Style_HScroll>
		<Style_Transparent>false</Style_Transparent>
		<Style_Checkbox>false</Style_Checkbox>
		<DecalOffset>
			<X>2</X>
			<Y>2</Y>
		</DecalOffset>
		<DecalSize>
			<CX>20</CX>
			<CY>20</CY>
		</DecalSize>
	</Button>
	<Button item="Target_Buff71_Button">
		<ScreenID>Buff71</ScreenID>
		<Size>
			<CX>24</CX>
			<CY>24</CY>
		</Size>
		<Style_VScroll>false</Style_VScroll>
		<Style_HScroll>false</Style_HScroll>
		<Style_Transparent>false</Style_Transparent>
		<Style_Checkbox>false</Style_Checkbox>
		<DecalOffset>
			<X>2</X>
			<Y>2</Y>
		</DecalOffset>
		<DecalSize>
			<CX>20</CX>
			<CY>20</CY>
		</DecalSize>
	</Button>
	<Button item="Target_Buff72_Button">
		<ScreenID>Buff72</ScreenID>
		<Size>
			<CX>24</CX>
			<CY>24</CY>
		</Size>
		<Style_VScroll>false</Style_VScroll>
		<Style_HScroll>false</Style_HScroll>
		<Style_Transparent>false</Style_Transparent>
		<Style_Checkbox>false</Style_Checkbox>
		<DecalOffset>
			<X>2</X>
			<Y>2</Y>
		</DecalOffset>
		<DecalSize>
			<CX>20</CX>
			<CY>20</CY>
		</DecalSize>
	</Button>
	<Button item="Target_Buff73_Button">
		<ScreenID>Buff73</ScreenID>
		<Size>
			<CX>24</CX>
			<CY>24</CY>
		</Size>
		<Style_VScroll>false</Style_VScroll>
		<Style_HScroll>false</Style_HScroll>
		<Style_Transparent>false</Style_Transparent>
		<Style_Checkbox>false</Style_Checkbox>
		<DecalOffset>
			<X>2</X>
			<Y>2</Y>
		</DecalOffset>
		<DecalSize>
			<CX>20</CX>
			<CY>20</CY>
		</DecalSize>
	</Button>
	<Button item="Target_Buff74_Button">
		<ScreenID>Buff74</ScreenID>
		<Size>
			<CX>24</CX>
			<CY>24</CY>
		</Size>
		<Style_VScroll>false</Style_VScroll>
		<Style_HScroll>false</Style_HScroll>
		<Style_Transparent>false</Style_Transparent>
		<Style_Checkbox>false</Style_Checkbox>
		<DecalOffset>
			<X>2</X>
			<Y>2</Y>
		</DecalOffset>
		<DecalSize>
			<CX>20</CX>
			<CY>20</CY>
		</DecalSize>
	</Button>
	<Button item="Target_Buff75_Button">
		<ScreenID>Buff75</ScreenID>
		<Size>
			<CX>24</CX>
			<CY>24</CY>
		</Size>
		<Style_VScroll>false</Style_VScroll>
		<Style_HScroll>false</Style_HScroll>
		<Style_Transparent>false</Style_Transparent>
		<Style_Checkbox>false</Style_Checkbox>
		<DecalOffset>
			<X>2</X>
			<Y>2</Y>
		</DecalOffset>
		<DecalSize>
			<CX>20</CX>
			<CY>20</CY>
		</DecalSize>
	</Button>
	<Button item="Target_Buff76_Button">
		<ScreenID>Buff76</ScreenID>
		<Size>
			<CX>24</CX>
			<CY>24</CY>
		</Size>
		<Style_VScroll>false</Style_VScroll>
		<Style_HScroll>false</Style_HScroll>
		<Style_Transparent>false</Style_Transparent>
		<Style_Checkbox>false</Style_Checkbox>
		<DecalOffset>
			<X>2</X>
			<Y>2</Y>
		</DecalOffset>
		<DecalSize>
			<CX>20</CX>
			<CY>20</CY>
		</DecalSize>
	</Button>
	<Button item="Target_Buff77_Button">
		<ScreenID>Buff77</ScreenID>
		<Size>
			<CX>24</CX>
			<CY>24</CY>
		</Size>
		<Style_VScroll>false</Style_VScroll>
		<Style_HScroll>false</Style_HScroll>
		<Style_Transparent>false</Style_Transparent>
		<Style_Checkbox>false</Style_Checkbox>
		<DecalOffset>
			<X>2</X>
			<Y>2</Y>
		</DecalOffset>
		<DecalSize>
			<CX>20</CX>
			<CY>20</CY>
		</DecalSize>
	</Button>
	<Button item="Target_Buff78_Button">
		<ScreenID>Buff78</ScreenID>
		<Size>
			<CX>24</CX>
			<CY>24</CY>
		</Size>
		<Style_VScroll>false</Style_VScroll>
		<Style_HScroll>false</Style_HScroll>
		<Style_Transparent>false</Style_Transparent>
		<Style_Checkbox>false</Style_Checkbox>
		<DecalOffset>
			<X>2</X>
			<Y>2</Y>
		</DecalOffset>
		<DecalSize>
			<CX>20</CX>
			<CY>20</CY>
		</DecalSize>
	</Button>
	<Button item="Target_Buff79_Button">
		<ScreenID>Buff79</ScreenID>
		<Size>
			<CX>24</CX>
			<CY>24</CY>
		</Size>
		<Style_VScroll>false</Style_VScroll>
		<Style_HScroll>false</Style_HScroll>
		<Style_Transparent>false</Style_Transparent>
		<Style_Checkbox>false</Style_Checkbox>
		<DecalOffset>
			<X>2</X>
			<Y>2</Y>
		</DecalOffset>
		<DecalSize>
			<CX>20</CX>
			<CY>20</CY>
		</DecalSize>
	</Button>
	<Button item="Target_Buff80_Button">
		<ScreenID>Buff80</ScreenID>
		<Size>
			<CX>24</CX>
			<CY>24</CY>
		</Size>
		<Style_VScroll>false</Style_VScroll>
		<Style_HScroll>false</Style_HScroll>
		<Style_Transparent>false</Style_Transparent>
		<Style_Checkbox>false</Style_Checkbox>
		<DecalOffset>
			<X>2</X>
			<Y>2</Y>
		</DecalOffset>
		<DecalSize>
			<CX>20</CX>
			<CY>20</CY>
		</DecalSize>
	</Button>
	<Button item="Target_Buff81_Button">
		<ScreenID>Buff81</ScreenID>
		<Size>
			<CX>24</CX>
			<CY>24</CY>
		</Size>
		<Style_VScroll>false</Style_VScroll>
		<Style_HScroll>false</Style_HScroll>
		<Style_Transparent>false</Style_Transparent>
		<Style_Checkbox>false</Style_Checkbox>
		<DecalOffset>
			<X>2</X>
			<Y>2</Y>
		</DecalOffset>
		<DecalSize>
			<CX>20</CX>
			<CY>20</CY>
		</DecalSize>
	</Button>
	<Button item="Target_Buff82_Button">
		<ScreenID>Buff82</ScreenID>
		<Size>
			<CX>24</CX>
			<CY>24</CY>
		</Size>
		<Style_VScroll>false</Style_VScroll>
		<Style_HScroll>false</Style_HScroll>
		<Style_Transparent>false</Style_Transparent>
		<Style_Checkbox>false</Style_Checkbox>
		<DecalOffset>
			<X>2</X>
			<Y>2</Y>
		</DecalOffset>
		<DecalSize>
			<CX>20</CX>
			<CY>20</CY>
		</DecalSize>
	</Button>
	<Button item="Target_Buff83_Button">
		<ScreenID>Buff83</ScreenID>
		<Size>
			<CX>24</CX>
			<CY>24</CY>
		</Size>
		<Style_VScroll>false</Style_VScroll>
		<Style_HScroll>false</Style_HScroll>
		<Style_Transparent>false</Style_Transparent>
		<Style_Checkbox>false</Style_Checkbox>
		<DecalOffset>
			<X>2</X>
			<Y>2</Y>
		</DecalOffset>
		<DecalSize>
			<CX>20</CX>
			<CY>20</CY>
		</DecalSize>
	</Button>
	<Button item="Target_Buff84_Button">
		<ScreenID>Buff84</ScreenID>
		<Size>
			<CX>24</CX>
			<CY>24</CY>
		</Size>
		<Style_VScroll>false</Style_VScroll>
		<Style_HScroll>false</Style_HScroll>
		<Style_Transparent>false</Style_Transparent>
		<Style_Checkbox>false</Style_Checkbox>
		<DecalOffset>
			<X>2</X>
			<Y>2</Y>
		</DecalOffset>
		<DecalSize>
			<CX>20</CX>
			<CY>20</CY>
		</DecalSize>
	</Button>

<TileLayoutBox item="Target_Buttons">
		<RelativePosition>true</RelativePosition>
		<AutoStretch>true</AutoStretch>
		<BottomAnchorToTop>false</BottomAnchorToTop>
		<RightAnchorToLeft>false</RightAnchorToLeft>
		<Style_Transparent>true</Style_Transparent>
		<Spacing>0</Spacing>
		<SecondarySpacing>0</SecondarySpacing>
		<HorizontalFirst>true</HorizontalFirst>
		<AnchorToTop>true</AnchorToTop>
		<AnchorToLeft>true</AnchorToLeft>
		<FirstPieceTemplate>true</FirstPieceTemplate>
		<Pieces>Target_Buff0_Button</Pieces>
		<Pieces>Target_Buff1_Button</Pieces>
		<Pieces>Target_Buff2_Button</Pieces>
		<Pieces>Target_Buff3_Button</Pieces>
		<Pieces>Target_Buff4_Button</Pieces>
		<Pieces>Target_Buff5_Button</Pieces>
		<Pieces>Target_Buff6_Button</Pieces>
		<Pieces>Target_Buff7_Button</Pieces>
		<Pieces>Target_Buff8_Button</Pieces>
		<Pieces>Target_Buff9_Button</Pieces>
		<Pieces>Target_Buff10_Button</Pieces>
		<Pieces>Target_Buff11_Button</Pieces>
		<Pieces>Target_Buff12_Button</Pieces>
		<Pieces>Target_Buff13_Button</Pieces>
		<Pieces>Target_Buff14_Button</Pieces>
		<Pieces>Target_Buff15_Button</Pieces>
		<Pieces>Target_Buff16_Button</Pieces>
		<Pieces>Target_Buff17_Button</Pieces>
		<Pieces>Target_Buff18_Button</Pieces>
		<Pieces>Target_Buff19_Button</Pieces>
		<Pieces>Target_Buff20_Button</Pieces>
		<Pieces>Target_Buff21_Button</Pieces>
		<Pieces>Target_Buff22_Button</Pieces>
		<Pieces>Target_Buff23_Button</Pieces>
		<Pieces>Target_Buff24_Button</Pieces>
		<Pieces>Target_Buff25_Button</Pieces>
		<Pieces>Target_Buff26_Button</Pieces>
		<Pieces>Target_Buff27_Button</Pieces>
		<Pieces>Target_Buff28_Button</Pieces>
		<Pieces>Target_Buff29_Button</Pieces>
		<Pieces>Target_Buff30_Button</Pieces>
		<Pieces>Target_Buff31_Button</Pieces>
		<Pieces>Target_Buff32_Button</Pieces>
		<Pieces>Target_Buff33_Button</Pieces>
		<Pieces>Target_Buff34_Button</Pieces>
		<Pieces>Target_Buff35_Button</Pieces>
		<Pieces>Target_Buff36_Button</Pieces>
		<Pieces>Target_Buff37_Button</Pieces>
		<Pieces>Target_Buff38_Button</Pieces>
		<Pieces>Target_Buff39_Button</Pieces>
		<Pieces>Target_Buff40_Button</Pieces>
		<Pieces>Target_Buff41_Button</Pieces>
		<Pieces>Target_Buff42_Button</Pieces>
		<Pieces>Target_Buff43_Button</Pieces>
		<Pieces>Target_Buff44_Button</Pieces>
		<Pieces>Target_Buff45_Button</Pieces>
		<Pieces>Target_Buff46_Button</Pieces>
		<Pieces>Target_Buff47_Button</Pieces>
		<Pieces>Target_Buff48_Button</Pieces>
		<Pieces>Target_Buff49_Button</Pieces>
		<Pieces>Target_Buff50_Button</Pieces>
		<Pieces>Target_Buff51_Button</Pieces>
		<Pieces>Target_Buff52_Button</Pieces>
		<Pieces>Target_Buff53_Button</Pieces>
		<Pieces>Target_Buff54_Button</Pieces>
		<Pieces>Target_Buff55_Button</Pieces>
		<Pieces>Target_Buff56_Button</Pieces>
		<Pieces>Target_Buff57_Button</Pieces>
		<Pieces>Target_Buff58_Button</Pieces>
		<Pieces>Target_Buff59_Button</Pieces>
		<Pieces>Target_Buff60_Button</Pieces>
		<Pieces>Target_Buff61_Button</Pieces>
		<Pieces>Target_Buff62_Button</Pieces>
		<Pieces>Target_Buff63_Button</Pieces>
		<Pieces>Target_Buff64_Button</Pieces>
		<Pieces>Target_Buff65_Button</Pieces>
		<Pieces>Target_Buff66_Button</Pieces>
		<Pieces>Target_Buff67_Button</Pieces>
		<Pieces>Target_Buff68_Button</Pieces>
		<Pieces>Target_Buff69_Button</Pieces>
		<Pieces>Target_Buff70_Button</Pieces>
		<Pieces>Target_Buff71_Button</Pieces>
		<Pieces>Target_Buff72_Button</Pieces>
		<Pieces>Target_Buff73_Button</Pieces>
		<Pieces>Target_Buff74_Button</Pieces>
		<Pieces>Target_Buff75_Button</Pieces>
		<Pieces>Target_Buff76_Button</Pieces>
		<Pieces>Target_Buff77_Button</Pieces>
		<Pieces>Target_Buff78_Button</Pieces>
		<Pieces>Target_Buff79_Button</Pieces>
		<Pieces>Target_Buff80_Button</Pieces>
		<Pieces>Target_Buff81_Button</Pieces>
		<Pieces>Target_Buff82_Button</Pieces>
		<Pieces>Target_Buff83_Button</Pieces>
		<Pieces>Target_Buff84_Button</Pieces>
	</TileLayoutBox>
	<Screen item="Target_BuffWindow">
		<ScreenID>BuffWindow</ScreenID>
		<RelativePosition>true</RelativePosition>
		<AutoStretch>true</AutoStretch>
		<LeftAnchorOffset>2</LeftAnchorOffset>
		<TopAnchorOffset>66</TopAnchorOffset>
		<RightAnchorOffset>4</RightAnchorOffset>
		<BottomAnchorOffset>4</BottomAnchorOffset>
		<BottomAnchorToTop>false</BottomAnchorToTop>
		<RightAnchorToLeft>false</RightAnchorToLeft>
		<Style_VScroll>false</Style_VScroll>
		<Style_HScroll>false</Style_HScroll>
		<Style_Transparent>false</Style_Transparent>
		<TooltipReference>Buffs on your target will show here</TooltipReference>
		<DrawTemplate>WDT_Inner</DrawTemplate>
		<Style_Titlebar>false</Style_Titlebar>
		<Style_Closebox>false</Style_Closebox>
		<Style_Minimizebox>false</Style_Minimizebox>
		<Style_Border>true</Style_Border>
		<Style_Sizable>false</Style_Sizable>
		<Pieces>TileLayoutBox:Target_Buttons</Pieces>
	</Screen>


	<Screen item = "TargetWindow">
		<ScreenID/>
		<RelativePosition>false</RelativePosition>
		<Location>
			<X>516</X>
			<Y>242</Y>
		</Location>
		<Size>
			<CX>154</CX>
			<CY>120</CY>
		</Size>
		<Text>Target</Text>
		<Style_VScroll>false</Style_VScroll>
		<Style_HScroll>false</Style_HScroll>
		<Style_Transparent>false</Style_Transparent>
		<TooltipReference>Your Current Target</TooltipReference>
		<DrawTemplate>WDT_Rounded</DrawTemplate>
		<Style_Titlebar>true</Style_Titlebar>
		<Style_Closebox>false</Style_Closebox>
		<Style_Minimizebox>false</Style_Minimizebox>
		<Style_Border>true</Style_Border>
		<Pieces>Target_HP2</Pieces>
		<Pieces>Target_HPLabel2</Pieces>
		<Pieces>Target_HPPercLabel2</Pieces>
		<Pieces>A_TargetBoxStaticAnimTop</Pieces>
		<Pieces>A_TargetBoxStaticAnimBottom</Pieces>
		<Pieces>A_TargetBoxStaticAnimLeft</Pieces>
		<Pieces>A_TargetBoxStaticAnimRight</Pieces>
		<Pieces>A_TargetBoxStaticAnimFill</Pieces>
		<Pieces>Target_BuffWindow</Pieces>
		<Pieces>TW_Pet_HP2</Pieces>
		<!--		<Pieces>Target_PetHPPercent2</Pieces>
		<Pieces>Target_PetHPPercentSymbol2</Pieces> -->
		<Pieces>TargetOfTarget_HP2</Pieces>
		<Pieces>TargetOfTarget_HPLabel2</Pieces>
		<Pieces>TargetOfTarget_HPPercLabel2</Pieces>
		<Pieces>MY_Casting_Gauge2</Pieces>
		<Style_Sizable>true</Style_Sizable>
		
	</Screen>

</XML>
